PRAGMA foreign_keys=OFF;
BEGIN TRANSACTION;
CREATE TABLE IF NOT EXISTS "_prisma_migrations" (
    "id"                    TEXT PRIMARY KEY NOT NULL,
    "checksum"              TEXT NOT NULL,
    "finished_at"           DATETIME,
    "migration_name"        TEXT NOT NULL,
    "logs"                  TEXT,
    "rolled_back_at"        DATETIME,
    "started_at"            DATETIME NOT NULL DEFAULT current_timestamp,
    "applied_steps_count"   INTEGER UNSIGNED NOT NULL DEFAULT 0
);
INSERT INTO _prisma_migrations VALUES('4407e405-9495-4298-b0dc-5d5e624794c4','04d1d4b3d48def0f7742eeac5cbf69112a7e83c1724c8f24f8f4339ab5e258b2',1713733713465,'20240421210833_init',NULL,NULL,1713733713321,1);
INSERT INTO _prisma_migrations VALUES('2514b3bd-4e92-4774-aaff-1c0127aee532','7abd452e9587f019b9914575f66ea34e96e935928f752e93f901145006211ec4',1713828249188,'20240422232409_add_diff_percentage',NULL,NULL,1713828249104,1);
CREATE TABLE IF NOT EXISTS "Category" (
    "id" INTEGER NOT NULL PRIMARY KEY AUTOINCREMENT,
    "name" TEXT NOT NULL
);
INSERT INTO Category VALUES(1,'Frutas y Verduras');
INSERT INTO Category VALUES(2,'Carnes y Pescados');
INSERT INTO Category VALUES(3,'Lácteos y productos frescos');
INSERT INTO Category VALUES(4,'Panadería');
INSERT INTO Category VALUES(5,'Congelados');
INSERT INTO Category VALUES(6,'Desayuno y merienda');
INSERT INTO Category VALUES(7,'Bebidas');
INSERT INTO Category VALUES(8,'Almacén');
INSERT INTO Category VALUES(9,'Mundo bebé');
INSERT INTO Category VALUES(10,'Bazar y textil');
INSERT INTO Category VALUES(11,'Electro y tecnología');
INSERT INTO Category VALUES(12,'Limpieza');
INSERT INTO Category VALUES(13,'Perfumería');
INSERT INTO Category VALUES(14,'Mascotas');
INSERT INTO Category VALUES(15,'Indumentaria');
CREATE TABLE IF NOT EXISTS "Supermarket" (
    "id" INTEGER NOT NULL PRIMARY KEY AUTOINCREMENT,
    "name" TEXT NOT NULL
);
INSERT INTO Supermarket VALUES(1,'coto');
INSERT INTO Supermarket VALUES(2,'carrefour');
CREATE TABLE IF NOT EXISTS "Product" (
    "id" INTEGER NOT NULL PRIMARY KEY AUTOINCREMENT,
    "title" TEXT NOT NULL,
    "url" TEXT NOT NULL,
    "imageUrl" TEXT NOT NULL,
    "categoryId" INTEGER NOT NULL,
    "supermarketId" INTEGER NOT NULL,
    "available" BOOLEAN NOT NULL DEFAULT true,
    CONSTRAINT "Product_categoryId_fkey" FOREIGN KEY ("categoryId") REFERENCES "Category" ("id") ON DELETE RESTRICT ON UPDATE CASCADE,
    CONSTRAINT "Product_supermarketId_fkey" FOREIGN KEY ("supermarketId") REFERENCES "Supermarket" ("id") ON DELETE RESTRICT ON UPDATE CASCADE
);
INSERT INTO Product VALUES(713,'Aceite de girasol Legitimo 900 cc.','https://www.carrefour.com.ar/aceite-de-girasol-legitimo-900-cc-700951/p','https://carrefourar.vtexassets.com/arquivos/ids/263188-800-auto?v=638042211872630000&width=800&height=auto&aspect=true',8,2,1);
INSERT INTO Product VALUES(714,'Manteca La Serenísima extra para untar 200 g.','https://www.carrefour.com.ar/manteca-la-serenisima-extra-para-untar-200-g/p','https://carrefourar.vtexassets.com/arquivos/ids/179381-800-auto?v=637468582113070000&width=800&height=auto&aspect=true',8,2,1);
INSERT INTO Product VALUES(715,'Leche Las tres niñas 0% t graso fortificada 1 lt.','https://www.carrefour.com.ar/leche-las-tres-ninas-0-t-graso-fortificada-1-lt-721798/p','https://carrefourar.vtexassets.com/arquivos/ids/342957-800-auto?v=638225238298870000&width=800&height=auto&aspect=true',3,2,1);
INSERT INTO Product VALUES(716,'Leche multivitaminas 3% La Serenísima sachet 1 l.','https://www.carrefour.com.ar/leche-multivitaminas-3-la-serenisima-sachet-1-l-679521/p','https://carrefourar.vtexassets.com/arquivos/ids/269590-800-auto?v=638076636592470000&width=800&height=auto&aspect=true',3,2,1);
INSERT INTO Product VALUES(717,'Harina de Trigo 000 Caserita x 1 kg','https://www.carrefour.com.ar/harina-de-trigo-000-caserita-x-1-kg-7757/p','https://carrefourar.vtexassets.com/arquivos/ids/424886-800-auto?v=638381798767270000&width=800&height=auto&aspect=true',8,2,1);
INSERT INTO Product VALUES(718,'Harina Pureza especial para pizzas 1 kg.','https://www.carrefour.com.ar/harina-pureza-especial-para-pizzas-1-kg/p','https://carrefourar.vtexassets.com/arquivos/ids/364926-800-auto?v=638266700150230000&width=800&height=auto&aspect=true',8,2,1);
INSERT INTO Product VALUES(719,'Huevo blanco La Piara carton x 6 uni','https://www.carrefour.com.ar/huevo-blanco-la-piara-carton-x-6-uni/p','https://carrefourar.vtexassets.com/arquivos/ids/200597-800-auto?v=637550327215630000&width=800&height=auto&aspect=true',3,2,1);
INSERT INTO Product VALUES(720,'Arroz tipo largo fino 00000 Vanguardia 500 g.','https://www.carrefour.com.ar/arroz-tipo-largo-fino-00000-vanguardia-500-g/p','https://carrefourar.vtexassets.com/arquivos/ids/218649-800-auto?v=637702639116070000&width=800&height=auto&aspect=true',8,2,1);
INSERT INTO Product VALUES(721,'Aceite de girasol Carrefour alto omega pet 900 cc.','https://www.carrefour.com.ar/aceite-de-girasol-carrefour-alto-omega-pet-900-cc-699030-699030/p','https://carrefourar.vtexassets.com/arquivos/ids/246133-800-auto?v=637901365090430000&width=800&height=auto&aspect=true',8,2,1);
INSERT INTO Product VALUES(722,'Aceite de girasol Cocinero ecobotella 900 cc.','https://www.carrefour.com.ar/aceite-de-girasol-cocinero-ecobotella-900-cc-732610/p','https://carrefourar.vtexassets.com/arquivos/ids/422953-800-auto?v=638373948257230000&width=800&height=auto&aspect=true',8,2,1);
INSERT INTO Product VALUES(723,'Pan de mesa Veneziana blanco 600 g. ','https://www.carrefour.com.ar/pan-de-mesa-veneziana-blanco-600-g/p','https://carrefourar.vtexassets.com/arquivos/ids/179656-800-auto?v=637468582929670000&width=800&height=auto&aspect=true',4,2,1);
INSERT INTO Product VALUES(724,'Pan de mesa Bimbo tipo artesano 500 g. ','https://www.carrefour.com.ar/pan-de-mesa-bimbo-tipo-artesano-500-g-715676/p','https://carrefourar.vtexassets.com/arquivos/ids/274322-800-auto?v=638115602936370000&width=800&height=auto&aspect=true',4,2,1);
INSERT INTO Product VALUES(725,'Pan blanco Bimbo 550 g. ','https://www.carrefour.com.ar/pan-blanco-bimbo-550-g-720323/p','https://carrefourar.vtexassets.com/arquivos/ids/353215-800-auto?v=638249386441330000&width=800&height=auto&aspect=true',4,2,1);
INSERT INTO Product VALUES(726,'Rapiditas clasicas Bimbo bolsa 275 g. ','https://www.carrefour.com.ar/rapiditas-clasicas-bimbo-bolsa-275-g-708029/p','https://carrefourar.vtexassets.com/arquivos/ids/258160-800-auto?v=638012872554530000&width=800&height=auto&aspect=true',4,2,1);
INSERT INTO Product VALUES(727,'Pan de mesa Carrefour classic blanco lacteado 600 g. ','https://www.carrefour.com.ar/pan-de-mesa-carrefour-classic-blanco-lacteado-600-g/p','https://carrefourar.vtexassets.com/arquivos/ids/420221-800-auto?v=638362584227630000&width=800&height=auto&aspect=true',4,2,1);
INSERT INTO Product VALUES(728,'Pan Blanco Lactal rodajas finas en bolsa 460 g. ','https://www.carrefour.com.ar/pan-blanco-lactal-rodajas-finas-en-bolsa-460-g-717550/p','https://carrefourar.vtexassets.com/arquivos/ids/308543-800-auto?v=638145876465270000&width=800&height=auto&aspect=true',4,2,1);
INSERT INTO Product VALUES(729,'Pan de salvado Lactal bolsa 330 g. ','https://www.carrefour.com.ar/pan-de-salvado-lactal-bolsa-330-g-716485/p','https://carrefourar.vtexassets.com/arquivos/ids/308685-800-auto?v=638145971071400000&width=800&height=auto&aspect=true',4,2,1);
INSERT INTO Product VALUES(730,'Pan rallado Preferido fortificado 500 g. ','https://www.carrefour.com.ar/pan-rallado-preferido-fortificado-500-g-731020/p','https://carrefourar.vtexassets.com/arquivos/ids/467135-800-auto?v=638418969673530000&width=800&height=auto&aspect=true',4,2,1);
INSERT INTO Product VALUES(731,'Pan blanco Lactal bolsa 315 g. ','https://www.carrefour.com.ar/pan-blanco-lactal-bolsa-315-g-716484/p','https://carrefourar.vtexassets.com/arquivos/ids/308683-800-auto?v=638145971053530000&width=800&height=auto&aspect=true',4,2,1);
INSERT INTO Product VALUES(732,'Pan de salvado Lactal rodajas finas 560 g. ','https://www.carrefour.com.ar/pan-de-salvado-lactal-rodajas-finas-560-g-716486/p','https://carrefourar.vtexassets.com/arquivos/ids/308687-800-auto?v=638145971089900000&width=800&height=auto&aspect=true',4,2,1);
INSERT INTO Product VALUES(733,'Pan para hamburguesa Bimbo con sésamo 4 uni ','https://www.carrefour.com.ar/pan-para-hamburguesa-bimbo-con-sesamo-4-uni-718430/p','https://carrefourar.vtexassets.com/arquivos/ids/353223-800-auto?v=638249395678430000&width=800&height=auto&aspect=true',4,2,1);
INSERT INTO Product VALUES(734,'Tortillas de trigo Carrefour classic 300 g. ','https://www.carrefour.com.ar/tortillas-de-trigo-carrefour-classic-300-g/p','https://carrefourar.vtexassets.com/arquivos/ids/386906-800-auto?v=638318706515800000&width=800&height=auto&aspect=true',4,2,1);
INSERT INTO Product VALUES(735,'Pan para panchos La perla 6 uni ','https://www.carrefour.com.ar/pan-para-panchos-la-perla-6-uni-723268/p','https://carrefourar.vtexassets.com/arquivos/ids/366897-800-auto?v=638277029982900000&width=800&height=auto&aspect=true',4,2,1);
INSERT INTO Product VALUES(736,'Pan para hamburguesas Bimbo artesano 4 uni ','https://www.carrefour.com.ar/pan-para-hamburguesas-bimbo-artesano-4-uni-715678/p','https://carrefourar.vtexassets.com/arquivos/ids/274323-800-auto?v=638115602946700000&width=800&height=auto&aspect=true',4,2,1);
INSERT INTO Product VALUES(737,'Pan para pancho Lactal 210 g. ','https://www.carrefour.com.ar/pan-para-pancho-lactal-210-g-716487/p','https://carrefourar.vtexassets.com/arquivos/ids/308689-800-auto?v=638145971106300000&width=800&height=auto&aspect=true',4,2,1);
INSERT INTO Product VALUES(738,'Pan rallado Preferido fortificado 1 kg. ','https://www.carrefour.com.ar/pan-rallado-preferido-fortificado-1-kg-731021/p','https://carrefourar.vtexassets.com/arquivos/ids/476793-800-auto?v=638440339343830000&width=800&height=auto&aspect=true',4,2,1);
INSERT INTO Product VALUES(739,'Pan integral Fargo grano entero bolsa 350 g. ','https://www.carrefour.com.ar/pan-integral-fargo-grano-entero-bolsa-350-g-716481/p','https://carrefourar.vtexassets.com/arquivos/ids/411706-800-auto?v=638348772494570000&width=800&height=auto&aspect=true',4,2,1);
INSERT INTO Product VALUES(740,'Pan rallado Cañuelas fortificado 1 kg. ','https://www.carrefour.com.ar/pan-rallado-canuelas-fortificado-1-kg-727558/p','https://carrefourar.vtexassets.com/arquivos/ids/386397-800-auto?v=638318587240400000&width=800&height=auto&aspect=true',4,2,1);
INSERT INTO Product VALUES(741,'Rapiditas light Bimbo bolsa 275 g. ','https://www.carrefour.com.ar/rapiditas-light-bimbo-bolsa-275-g--708030/p','https://carrefourar.vtexassets.com/arquivos/ids/258161-800-auto?v=638012872565770000&width=800&height=auto&aspect=true',4,2,1);
INSERT INTO Product VALUES(742,'Pan para hamburguesa Lactal bolsa x 4 uni ','https://www.carrefour.com.ar/pan-para-hamburguesa-lactal-bolsa-x-4-uni-716488/p','https://carrefourar.vtexassets.com/arquivos/ids/308691-800-auto?v=638145971124030000&width=800&height=auto&aspect=true',4,2,1);
INSERT INTO Product VALUES(743,'Pan integral Dr. Cormillot Veneziana 639 g. ','https://www.carrefour.com.ar/pan-integral-dr-cormillot-veneziana-639-g/p','https://carrefourar.vtexassets.com/arquivos/ids/179649-800-auto?v=637468582916400000&width=800&height=auto&aspect=true',4,2,1);
INSERT INTO Product VALUES(744,'Pan para hamburguesa La perla 4 uni ','https://www.carrefour.com.ar/pan-para-hamburguesa-la-perla-4-uni-723269/p','https://carrefourar.vtexassets.com/arquivos/ids/366898-800-auto?v=638277029986500000&width=800&height=auto&aspect=true',4,2,1);
INSERT INTO Product VALUES(745,'Pan de mesa Bimbo liviano acti leche 400 g. ','https://www.carrefour.com.ar/pan-de-mesa-bimbo-liviano-acti-leche-400-g-720322/p','https://carrefourar.vtexassets.com/arquivos/ids/323695-800-auto?v=638193424905630000&width=800&height=auto&aspect=true',4,2,1);
INSERT INTO Product VALUES(746,'Pan campesino integral grande x 400 g. ','https://www.carrefour.com.ar/pan-campesino-integral-grande-x-400-g/p','https://carrefourar.vtexassets.com/arquivos/ids/191719-800-auto?v=637515941488300000&width=800&height=auto&aspect=true',4,2,1);
INSERT INTO Product VALUES(747,'Pan para panchos Carrefour classic 6 u. ','https://www.carrefour.com.ar/pan-para-panchos-carrefour-classic-6-u-20769/p','https://carrefourar.vtexassets.com/arquivos/ids/420142-800-auto?v=638362583951930000&width=800&height=auto&aspect=true',4,2,1);
INSERT INTO Product VALUES(748,'Rebozador Aglu 450 g. SIN TACC. ','https://www.carrefour.com.ar/rebozador-aglu-450-g-sin-tacc/p','https://carrefourar.vtexassets.com/arquivos/ids/332934-800-auto?v=638212284954500000&width=800&height=auto&aspect=true',4,2,1);
INSERT INTO Product VALUES(749,'Rapiditas integrales Bimbo bolsa 275 g. ','https://www.carrefour.com.ar/rapiditas-integrales-bimbo-bolsa-275-g-708031/p','https://carrefourar.vtexassets.com/arquivos/ids/258162-800-auto?v=638012872575370000&width=800&height=auto&aspect=true',4,2,1);
INSERT INTO Product VALUES(750,'Pan para pancho Bimbo artesano bolsa 6 uni ','https://www.carrefour.com.ar/pan-para-pancho-bimbo-artesano-bolsa-6-uni-715679/p','https://carrefourar.vtexassets.com/arquivos/ids/274324-800-auto?v=638115602956870000&width=800&height=auto&aspect=true',4,2,1);
INSERT INTO Product VALUES(751,'Tortilla integral Veneziana 6 u. ','https://www.carrefour.com.ar/tortilla-integral-veneziana-6-u/p','https://carrefourar.vtexassets.com/arquivos/ids/184731-800-auto?v=637468593168570000&width=800&height=auto&aspect=true',4,2,1);
INSERT INTO Product VALUES(752,'Pan rallado Mamá Cocina fortificado 500 g. ','https://www.carrefour.com.ar/pan-rallado-mama-cocina-fortificado-500-g/p','https://carrefourar.vtexassets.com/arquivos/ids/364927-800-auto?v=638266700610500000&width=800&height=auto&aspect=true',4,2,1);
INSERT INTO Product VALUES(753,'Pan para hamburguesas Veneziana 4 u. ','https://www.carrefour.com.ar/pan-para-hamburguesas-veneziana-4-u/p','https://carrefourar.vtexassets.com/arquivos/ids/179845-800-auto?v=637468583487900000&width=800&height=auto&aspect=true',4,2,1);
INSERT INTO Product VALUES(754,'Rebozador Preferido en bolsa 1 kg. ','https://www.carrefour.com.ar/rebozador-preferido-en-bolsa-1-kg-733212/p','https://carrefourar.vtexassets.com/arquivos/ids/422977-800-auto?v=638373948551530000&width=800&height=auto&aspect=true',4,2,1);
INSERT INTO Product VALUES(755,'Pan de salvado Lactal con semillas en bolsa 330 g. ','https://www.carrefour.com.ar/pan-de-salvado-lactal-con-semillas-en-bolsa-330-g-726082/p','https://carrefourar.vtexassets.com/arquivos/ids/370715-800-auto?v=638297065895100000&width=800&height=auto&aspect=true',4,2,1);
INSERT INTO Product VALUES(756,'Tortillas clásicas Veneziana 165 g. ','https://www.carrefour.com.ar/tortillas-clasicas-veneziana-165-g/p','https://carrefourar.vtexassets.com/arquivos/ids/184728-800-auto?v=637468593163230000&width=800&height=auto&aspect=true',4,2,1);
INSERT INTO Product VALUES(757,'Pizza Pietro de mozzarella 470 g. ','https://www.carrefour.com.ar/pizza-pietro-de-mozzarella-470-g-720989/p','https://carrefourar.vtexassets.com/arquivos/ids/331548-800-auto?v=638210643903570000&width=800&height=auto&aspect=true',4,2,1);
INSERT INTO Product VALUES(758,'Pan para hamburguesa La Perla con sesamo 200 g. ','https://www.carrefour.com.ar/pan-para-hamburguesa-la-perla-con-sesamo-200-g/p','https://carrefourar.vtexassets.com/arquivos/ids/179840-800-auto?v=637468583480100000&width=800&height=auto&aspect=true',4,2,1);
INSERT INTO Product VALUES(759,'Pan para panchos Veneziana 6 u. ','https://www.carrefour.com.ar/pan-para-panchos-veneziana-6-u/p','https://carrefourar.vtexassets.com/arquivos/ids/179847-800-auto?v=637468583491970000&width=800&height=auto&aspect=true',4,2,1);
INSERT INTO Product VALUES(760,'Pan rallado Carrefour classic 1 kg. ','https://www.carrefour.com.ar/pan-rallado-carrefour-classic-1-kg-3832/p','https://carrefourar.vtexassets.com/arquivos/ids/394741-800-auto?v=638324659710700000&width=800&height=auto&aspect=true',4,2,1);
INSERT INTO Product VALUES(761,'Pan lacteado Fargo original bolsa 550 g. ','https://www.carrefour.com.ar/pan-lacteado-fargo-original-bolsa-550-g-716831/p','https://carrefourar.vtexassets.com/arquivos/ids/308695-800-auto?v=638145971158070000&width=800&height=auto&aspect=true',4,2,1);
INSERT INTO Product VALUES(762,'Pan para pancho Bimbo 6 uni ','https://www.carrefour.com.ar/pan-para-pancho-bimbo-6-uni/p','https://carrefourar.vtexassets.com/arquivos/ids/353227-800-auto?v=638249401059500000&width=800&height=auto&aspect=true',4,2,1);
INSERT INTO Product VALUES(763,'Prepizza Bulnez de tomate 250 g. ','https://www.carrefour.com.ar/prepizza-bulnez-de-tomate-250-g-738003/p','https://carrefourar.vtexassets.com/arquivos/ids/492072-800-auto?v=638459497567370000&width=800&height=auto&aspect=true',4,2,1);
INSERT INTO Product VALUES(764,'Pan de mesa artesanal Carrefour blanco 580 g. ','https://www.carrefour.com.ar/pan-de-mesa-artesanal-carrefour-blanco-580-g/p','https://carrefourar.vtexassets.com/arquivos/ids/179774-800-auto?v=637468583255430000&width=800&height=auto&aspect=true',4,2,1);
INSERT INTO Product VALUES(765,'Pan lacteado Fargo original bolsa 380 g. ','https://www.carrefour.com.ar/pan-lacteado-fargo-original-bolsa-380-g-716830/p','https://carrefourar.vtexassets.com/arquivos/ids/308693-800-auto?v=638145971141770000&width=800&height=auto&aspect=true',4,2,1);
INSERT INTO Product VALUES(766,'Pan rallado Favorita alto en hierro 900 g. ','https://www.carrefour.com.ar/pan-rallado-favorita-alto-en-hierro-900-g-694571/p','https://carrefourar.vtexassets.com/arquivos/ids/234901-800-auto?v=637793428873070000&width=800&height=auto&aspect=true',4,2,1);
INSERT INTO Product VALUES(767,'Rebozador Preferido en bolsa 500 g. ','https://www.carrefour.com.ar/rebozador-preferido-en-bolsa-500-g-733211/p','https://carrefourar.vtexassets.com/arquivos/ids/422976-800-auto?v=638373948538070000&width=800&height=auto&aspect=true',4,2,1);
INSERT INTO Product VALUES(768,'Rebozador panko Mamá cocina 400 g. ','https://www.carrefour.com.ar/rebozador-panko-mama-cocina-400-g-716938/p','https://carrefourar.vtexassets.com/arquivos/ids/315286-800-auto?v=638175089005230000&width=800&height=auto&aspect=true',4,2,1);
INSERT INTO Product VALUES(769,'Pan de papa para panchos Bimbo artesano en bolsa 6 uni ','https://www.carrefour.com.ar/pan-de-papa-para-panchos-bimbo-artesano-en-bolsa-6-uni-726351/p','https://carrefourar.vtexassets.com/arquivos/ids/371234-800-auto?v=638300724228500000&width=800&height=auto&aspect=true',4,2,1);
INSERT INTO Product VALUES(770,'Pan de campo La Veneziana tipo casero 400 g. ','https://www.carrefour.com.ar/pan-de-campo-la-veneziana-tipo-casero-400-g/p','https://carrefourar.vtexassets.com/arquivos/ids/179665-800-auto?v=637468582943430000&width=800&height=auto&aspect=true',4,2,1);
INSERT INTO Product VALUES(771,'Pan rallado Preferido de ajo y perejil 500 g. ','https://www.carrefour.com.ar/pan-rallado-preferido-de-ajo-y-perejil-500-g-733217/p','https://carrefourar.vtexassets.com/arquivos/ids/422981-800-auto?v=638373948601470000&width=800&height=auto&aspect=true',4,2,1);
INSERT INTO Product VALUES(772,'Pan de mesa lacteado La Perla 620 g. ','https://www.carrefour.com.ar/pan-de-mesa-lacteado-la-perla-620-g/p','https://carrefourar.vtexassets.com/arquivos/ids/209320-800-auto?v=637643979922330000&width=800&height=auto&aspect=true',4,2,1);
INSERT INTO Product VALUES(773,'Pan multisemilla La Perla 600 g. ','https://www.carrefour.com.ar/pan-multisemilla-la-perla-600-g/p','https://carrefourar.vtexassets.com/arquivos/ids/179619-800-auto?v=637468582861070000&width=800&height=auto&aspect=true',4,2,1);
INSERT INTO Product VALUES(774,'Pan con salvado La Perla 350 g. ','https://www.carrefour.com.ar/pan-con-salvado-la-perla-350-g-723272/p','https://carrefourar.vtexassets.com/arquivos/ids/492212-800-auto?v=638460415789830000&width=800&height=auto&aspect=true',4,2,1);
INSERT INTO Product VALUES(775,'Prepizza de tomate cuadrada 300 g. ','https://www.carrefour.com.ar/prepizza-de-tomate-cuadrada-300-g-481248/p','https://carrefourar.vtexassets.com/arquivos/ids/387164-800-auto?v=638319401639270000&width=800&height=auto&aspect=true',4,2,1);
INSERT INTO Product VALUES(776,'Rebozador Carrefour classic 1 kg. ','https://www.carrefour.com.ar/rebozador-carrefour-classic-1-kg/p','https://carrefourar.vtexassets.com/arquivos/ids/394710-800-auto?v=638324659624570000&width=800&height=auto&aspect=true',4,2,1);
INSERT INTO Product VALUES(777,'Pan rallado Favorita alto en hierro 450 g. ','https://www.carrefour.com.ar/pan-rallado-favorita-alto-en-hierro-450-g-694570/p','https://carrefourar.vtexassets.com/arquivos/ids/234900-800-auto?v=637793428861370000&width=800&height=auto&aspect=true',4,2,1);
INSERT INTO Product VALUES(778,'Pan con salvado La Perla 640 g. ','https://www.carrefour.com.ar/pan-con-salvado-la-perla-640-g-723273/p','https://carrefourar.vtexassets.com/arquivos/ids/492213-800-auto?v=638460415800930000&width=800&height=auto&aspect=true',4,2,1);
INSERT INTO Product VALUES(779,'Pan La Perla multicereal 600 g. ','https://www.carrefour.com.ar/pan-la-perla-multicereal-600-g/p','https://carrefourar.vtexassets.com/arquivos/ids/179625-800-auto?v=637468582874130000&width=800&height=auto&aspect=true',4,2,1);
INSERT INTO Product VALUES(780,'Tortillas con trigo Tía rosa en bolsa 10 uni ','https://www.carrefour.com.ar/tortillas-con-trigo-tia-rosa-en-bolsa-10-uni-718694/p','https://carrefourar.vtexassets.com/arquivos/ids/350159-800-auto?v=638246104979000000&width=800&height=auto&aspect=true',4,2,1);
INSERT INTO Product VALUES(781,'Pan de mesa chico La Perla 330 g. ','https://www.carrefour.com.ar/pan-de-mesa-chico-la-perla-330-g-723270/p','https://carrefourar.vtexassets.com/arquivos/ids/492210-800-auto?v=638460415770100000&width=800&height=auto&aspect=true',4,2,1);
INSERT INTO Product VALUES(782,'Pan de mesa Cormillot Veneziana multicereal 410 g. ','https://www.carrefour.com.ar/pan-de-mesa-cormillot-veneziana-multicereal-410-g/p','https://carrefourar.vtexassets.com/arquivos/ids/179662-800-auto?v=637468582940170000&width=800&height=auto&aspect=true',4,2,1);
INSERT INTO Product VALUES(783,'Pan de mesa Veneziana trisalvado light 620 g. ','https://www.carrefour.com.ar/pan-de-mesa-veneziana-trisalvado-light-620-g/p','https://carrefourar.vtexassets.com/arquivos/ids/179647-800-auto?v=637468582911070000&width=800&height=auto&aspect=true',4,2,1);
INSERT INTO Product VALUES(784,'Rebozador Preferido crunch 450 g. ','https://www.carrefour.com.ar/rebozador-preferido-crunch-450-g-733218/p','https://carrefourar.vtexassets.com/arquivos/ids/422983-800-auto?v=638373948626700000&width=800&height=auto&aspect=true',4,2,1);
INSERT INTO Product VALUES(785,'Mini baguette clásica x uni ','https://www.carrefour.com.ar/mini-baguette-clasica-x-uni-545133/p','https://carrefourar.vtexassets.com/arquivos/ids/372632-800-auto?v=638303797704400000&width=800&height=auto&aspect=true',4,2,1);
INSERT INTO Product VALUES(786,'Fajitas Lucchetti x 10 uni ','https://www.carrefour.com.ar/fajitas-lucchetti-x-10-uni/p','https://carrefourar.vtexassets.com/arquivos/ids/312438-800-auto?v=638163243430170000&width=800&height=auto&aspect=true',4,2,1);
INSERT INTO Product VALUES(787,'Pan para hamburguesa Veneziana 4 u. ','https://www.carrefour.com.ar/pan-para-hamburguesa-veneziana-4-u/p','https://carrefourar.vtexassets.com/arquivos/ids/179842-800-auto?v=637468583484800000&width=800&height=auto&aspect=true',4,2,1);
INSERT INTO Product VALUES(788,'Pan rallado integral Pureza bolsa 350 g. ','https://www.carrefour.com.ar/pan-rallado-integral-pureza-bolsa-350-g/p','https://carrefourar.vtexassets.com/arquivos/ids/193274-800-auto?v=637515951476300000&width=800&height=auto&aspect=true',4,2,1);
INSERT INTO Product VALUES(789,'Pan roseta congelada Mamá cocina 6 uni ','https://www.carrefour.com.ar/pan-roseta-congelada-mama-cocina-6-uni-605733/p','https://carrefourar.vtexassets.com/arquivos/ids/401503-800-auto?v=638337666521570000&width=800&height=auto&aspect=true',4,2,1);
INSERT INTO Product VALUES(790,'Pan rallado Carrefour classic 500 g. ','https://www.carrefour.com.ar/pan-rallado-carrefour-classic-500-g/p','https://carrefourar.vtexassets.com/arquivos/ids/394711-800-auto?v=638324659624570000&width=800&height=auto&aspect=true',4,2,1);
INSERT INTO Product VALUES(791,'Pan rallado Mamá Cocina fortificado 1 kg. ','https://www.carrefour.com.ar/pan-rallado-mama-cocina-fortificado-1-kg/p','https://carrefourar.vtexassets.com/arquivos/ids/364928-800-auto?v=638266701051530000&width=800&height=auto&aspect=true',4,2,1);
INSERT INTO Product VALUES(792,'Pizza Horno casero de mozzarella 470 g. ','https://www.carrefour.com.ar/pizza-horno-casero-de-mozzarella-470-g-720990/p','https://carrefourar.vtexassets.com/arquivos/ids/331544-800-auto?v=638210643837030000&width=800&height=auto&aspect=true',4,2,1);
INSERT INTO Product VALUES(793,'Empanada de jamón y queso 6 u. ','https://www.carrefour.com.ar/empanada-de-jamon-y-queso-6-u/p','https://carrefourar.vtexassets.com/arquivos/ids/183596-800-auto?v=637468591224500000&width=800&height=auto&aspect=true',4,2,1);
INSERT INTO Product VALUES(794,'Rosca con crema 400 g. ','https://www.carrefour.com.ar/rosca-con-crema-400-g/p','https://carrefourar.vtexassets.com/arquivos/ids/175033-800-auto?v=637468567911100000&width=800&height=auto&aspect=true',4,2,1);
INSERT INTO Product VALUES(795,'Rebozador Preferido horno en bolsa 500 g. ','https://www.carrefour.com.ar/rebozador-preferido-horno-en-bolsa-500-g-733215/p','https://carrefourar.vtexassets.com/arquivos/ids/422980-800-auto?v=638373948590200000&width=800&height=auto&aspect=true',4,2,1);
INSERT INTO Product VALUES(796,'Pan para panchos largos 390 g. ','https://www.carrefour.com.ar/pan-para-panchos-largos-390-g/p','https://carrefourar.vtexassets.com/arquivos/ids/179920-800-auto?v=637468583688800000&width=800&height=auto&aspect=true',4,2,1);
INSERT INTO Product VALUES(797,'Focaccia con salsa de tomate 250 g. ','https://www.carrefour.com.ar/focaccia-con-salsa-de-tomate-250-g-693890/p','https://carrefourar.vtexassets.com/arquivos/ids/387154-800-auto?v=638319355376970000&width=800&height=auto&aspect=true',4,2,1);
INSERT INTO Product VALUES(798,'Palmeritas 200 g. ','https://www.carrefour.com.ar/palmeritas-200-g-722907/p','https://carrefourar.vtexassets.com/arquivos/ids/491991-800-auto?v=638459444107270000&width=800&height=auto&aspect=true',4,2,1);
INSERT INTO Product VALUES(799,'Pan para super pancho La Perla 6 u. ','https://www.carrefour.com.ar/pan-para-super-pancho-la-perla-6-u/p','https://carrefourar.vtexassets.com/arquivos/ids/179838-800-auto?v=637468583474470000&width=800&height=auto&aspect=true',4,2,1);
INSERT INTO Product VALUES(800,'Pizza Horno casero de pepperoni 470 g. ','https://www.carrefour.com.ar/pizza-horno-casero-de-pepperoni-470-g-720992/p','https://carrefourar.vtexassets.com/arquivos/ids/331546-800-auto?v=638210643875430000&width=800&height=auto&aspect=true',4,2,1);
INSERT INTO Product VALUES(801,'Pizza Horno casero de jamón y mozzarella 470 g. ','https://www.carrefour.com.ar/pizza-horno-casero-de-jamon-y-mozzarella-470-g-720991/p','https://carrefourar.vtexassets.com/arquivos/ids/331545-800-auto?v=638210643855130000&width=800&height=auto&aspect=true',4,2,1);
INSERT INTO Product VALUES(802,'Pan trisalvado light Dr. Cormillot Veneziana 360 g. ','https://www.carrefour.com.ar/pan-trisalvado-light-dr-cormillot-veneziana-360-g/p','https://carrefourar.vtexassets.com/arquivos/ids/179660-800-auto?v=637468582936100000&width=800&height=auto&aspect=true',4,2,1);
INSERT INTO Product VALUES(803,'Pan rallado Lucchetti con harina 1 kg. ','https://www.carrefour.com.ar/pan-rallado-lucchetti-con-harina-1-kg-642241/p','https://carrefourar.vtexassets.com/arquivos/ids/192384-800-auto?v=637515948038900000&width=800&height=auto&aspect=true',4,2,1);
INSERT INTO Product VALUES(804,'Rebozador Lucchetti 500 g. ','https://www.carrefour.com.ar/rebozador-lucchetti-500-g/p','https://carrefourar.vtexassets.com/arquivos/ids/207553-800-auto?v=637625674166470000&width=800&height=auto&aspect=true',4,2,1);
INSERT INTO Product VALUES(805,'Empanada de carne 6 u. ','https://www.carrefour.com.ar/empanada-de-carne-6-u/p','https://carrefourar.vtexassets.com/arquivos/ids/183582-800-auto?v=637468591207600000&width=800&height=auto&aspect=true',4,2,1);
INSERT INTO Product VALUES(806,'Rebozador horno fortificado Mamá Cocina 1 kg. ','https://www.carrefour.com.ar/rebozador-horno-fortificado-mama-cocina-1-kg-561810/p','https://carrefourar.vtexassets.com/arquivos/ids/364931-800-auto?v=638266702984430000&width=800&height=auto&aspect=true',4,2,1);
INSERT INTO Product VALUES(807,'Madalenas Bon Mase limón 250 g. ','https://www.carrefour.com.ar/madalenas-bon-mase-limon-250-g/p','https://carrefourar.vtexassets.com/arquivos/ids/175082-800-auto?v=637468568375170000&width=800&height=auto&aspect=true',4,2,1);
INSERT INTO Product VALUES(808,'Pionono tradicional Carrefour Classic 200 g. ','https://www.carrefour.com.ar/pionono-tradicional-carrefoue-classic-200-g-729808/p','https://carrefourar.vtexassets.com/arquivos/ids/422530-800-auto?v=638369630397870000&width=800&height=auto&aspect=true',4,2,1);
INSERT INTO Product VALUES(809,'Ciriola toscana campo x uni ','https://www.carrefour.com.ar/ciriola-toscana-campo-x-uni-19726/p','https://carrefourar.vtexassets.com/arquivos/ids/213992-800-auto?v=637677534478570000&width=800&height=auto&aspect=true',4,2,1);
INSERT INTO Product VALUES(810,'Pan de mesa Carrefour semillas 200 g. sin TACC ','https://www.carrefour.com.ar/pan-de-mesa-carrefour-semillas-200-g-sin-tacc/p','https://carrefourar.vtexassets.com/arquivos/ids/179769-800-auto?v=637468583229730000&width=800&height=auto&aspect=true',4,2,1);
INSERT INTO Product VALUES(811,'Mini ciriolla toscana x uni ','https://www.carrefour.com.ar/mini-ciriolla-toscana-x-uni-545240/p','https://carrefourar.vtexassets.com/arquivos/ids/372633-800-auto?v=638303797714670000&width=800&height=auto&aspect=true',4,2,1);
INSERT INTO Product VALUES(812,'Sandwich triple de miga j/q pan blanco El Mercado 3 uni ','https://www.carrefour.com.ar/sandwich-triple-de-miga-j-q-pan-blanco-el-mercado-3-uni-654449/p','https://carrefourar.vtexassets.com/arquivos/ids/386760-800-auto?v=638318705878170000&width=800&height=auto&aspect=true',4,2,1);
INSERT INTO Product VALUES(813,'Chips de pan Delician 4 u. sin TACC ','https://www.carrefour.com.ar/chips-de-pan-delician-4-u-sin-tacc/p','https://carrefourar.vtexassets.com/arquivos/ids/175084-800-auto?v=637468568389100000&width=800&height=auto&aspect=true',4,2,1);
INSERT INTO Product VALUES(814,'Tarteletas chicas x 35 uni ','https://www.carrefour.com.ar/tarteletas-chicas-x-35-uni-703582/p','https://carrefourar.vtexassets.com/arquivos/ids/261373-800-auto?v=638028199908900000&width=800&height=auto&aspect=true',4,2,1);
INSERT INTO Product VALUES(815,'Pollo al spiedo x kg. ','https://www.carrefour.com.ar/pollo-al-spiedo-x-kg-689541/p','https://carrefourar.vtexassets.com/arquivos/ids/249961-800-auto?v=637922857075300000&width=800&height=auto&aspect=true',4,2,1);
INSERT INTO Product VALUES(816,'Rebozador Preferido crunch 900 g. ','https://www.carrefour.com.ar/rebozador-preferido-crunch-900-g-733219/p','https://carrefourar.vtexassets.com/arquivos/ids/422984-800-auto?v=638373948639700000&width=800&height=auto&aspect=true',4,2,1);
INSERT INTO Product VALUES(817,'Tarta individual integral verdura 270 g. ','https://www.carrefour.com.ar/tarta-individual-integral-verdura-270-g/p','https://carrefourar.vtexassets.com/arquivos/ids/183638-800-auto?v=637468591273770000&width=800&height=auto&aspect=true',4,2,1);
INSERT INTO Product VALUES(818,'Rebozador Carrefour classic 500 g. ','https://www.carrefour.com.ar/rebozador-carrefour-classic-500-g/p','https://carrefourar.vtexassets.com/arquivos/ids/394714-800-auto?v=638324659626130000&width=800&height=auto&aspect=true',4,2,1);
INSERT INTO Product VALUES(819,'Media barra rústica multicereal x 100 g. ','https://www.carrefour.com.ar/media-barra-rustica-multicereal-x-100-g/p','https://carrefourar.vtexassets.com/arquivos/ids/175094-800-auto?v=637468568470330000&width=800&height=auto&aspect=true',4,2,1);
INSERT INTO Product VALUES(820,'Media barra rústica integral x 100 g. ','https://www.carrefour.com.ar/media-barra-rustica-integral-x-100-g/p','https://carrefourar.vtexassets.com/arquivos/ids/175092-800-auto?v=637468568466900000&width=800&height=auto&aspect=true',4,2,1);
INSERT INTO Product VALUES(821,'Pan de pancho Kansas 6 uni ','https://www.carrefour.com.ar/pan-de-pancho-kansas-6-uni-731427/p','https://carrefourar.vtexassets.com/arquivos/ids/417347-800-auto?v=638356702839570000&width=800&height=auto&aspect=true',4,2,1);
INSERT INTO Product VALUES(822,'Empanada de jamón y queso 2 u. ','https://www.carrefour.com.ar/empanada-de-jamon-y-queso-2-u/p','https://carrefourar.vtexassets.com/arquivos/ids/183588-800-auto?v=637468591215870000&width=800&height=auto&aspect=true',4,2,1);
INSERT INTO Product VALUES(823,'Coquitos 6 u. sin TACC ','https://www.carrefour.com.ar/coquitos-6-u-sin-tacc/p','https://carrefourar.vtexassets.com/arquivos/ids/175014-800-auto?v=637468567792900000&width=800&height=auto&aspect=true',4,2,1);
INSERT INTO Product VALUES(824,'Rebozador semillas sin tacc 500 g. ','https://www.carrefour.com.ar/rebozador-semillas-sin-tacc-500-g-700248/p','https://carrefourar.vtexassets.com/arquivos/ids/387166-800-auto?v=638319406950170000&width=800&height=auto&aspect=true',4,2,1);
INSERT INTO Product VALUES(825,'Pionono de chocolate 150 g. ','https://www.carrefour.com.ar/pionono-de-chocolate-150-g/p','https://carrefourar.vtexassets.com/arquivos/ids/175069-800-auto?v=637468568309470000&width=800&height=auto&aspect=true',4,2,1);
INSERT INTO Product VALUES(826,'Tarta individual jamón y queso 270 g. ','https://www.carrefour.com.ar/tarta-individual-jamon-y-queso-270-g/p','https://carrefourar.vtexassets.com/arquivos/ids/183631-800-auto?v=637468591265500000&width=800&height=auto&aspect=true',4,2,1);
INSERT INTO Product VALUES(827,'Palmeritas pequeñas 200 g. ','https://www.carrefour.com.ar/palmeritas-pequenas-200-g-722906/p','https://carrefourar.vtexassets.com/arquivos/ids/491990-800-auto?v=638459442021530000&width=800&height=auto&aspect=true',4,2,1);
INSERT INTO Product VALUES(828,'Tarta individual calabaza y muzzarella 270 g. ','https://www.carrefour.com.ar/tarta-individual-calabaza-y-muzzarella-270-g/p','https://carrefourar.vtexassets.com/arquivos/ids/183645-800-auto?v=637468591282400000&width=800&height=auto&aspect=true',4,2,1);
INSERT INTO Product VALUES(829,'Persianitas de membrillo El Mercado 200 g. ','https://www.carrefour.com.ar/persianitas-de-membrillo-el-mercado-200-g-718304/p','https://carrefourar.vtexassets.com/arquivos/ids/386544-800-auto?v=638318704887430000&width=800&height=auto&aspect=true',4,2,1);
INSERT INTO Product VALUES(830,'Sandwich triple de miga JyQ pan negro El Mercado 3 uni ','https://www.carrefour.com.ar/sandwich-triple-de-miga-jyq-pan-negro-el-mercado-3-uni-654450/p','https://carrefourar.vtexassets.com/arquivos/ids/386557-800-auto?v=638318704955070000&width=800&height=auto&aspect=true',4,2,1);
INSERT INTO Product VALUES(831,'Empanada de carne 2 u. ','https://www.carrefour.com.ar/empanada-de-carne-2-u/p','https://carrefourar.vtexassets.com/arquivos/ids/183576-800-auto?v=637468591198030000&width=800&height=auto&aspect=true',4,2,1);
INSERT INTO Product VALUES(832,'Budín Delician relleno con dulce de leche 200 g. sin TACC ','https://www.carrefour.com.ar/budin-delician-relleno-con-dulce-de-leche-200-g-sin-tacc/p','https://carrefourar.vtexassets.com/arquivos/ids/172385-800-auto?v=637468547214270000&width=800&height=auto&aspect=true',4,2,1);
INSERT INTO Product VALUES(833,'Mini cake copitos Delician sin TACC 150 g. ','https://www.carrefour.com.ar/mini-cake-copitos-delician-sin-tacc-150-g/p','https://carrefourar.vtexassets.com/arquivos/ids/175011-800-auto?v=637468567776600000&width=800&height=auto&aspect=true',4,2,1);
INSERT INTO Product VALUES(834,'Bizcochuelo Carrefour classic rectangular 3 capas vainilla 750 g. ','https://www.carrefour.com.ar/bizcochuelo-carrefour-classic-rectangular-3-capas-vainilla-750-g/p','https://carrefourar.vtexassets.com/arquivos/ids/387031-800-auto?v=638318761082400000&width=800&height=auto&aspect=true',4,2,1);
INSERT INTO Product VALUES(835,'Pan campito blanco 1 u. ','https://www.carrefour.com.ar/pan-campito-blanco-1-u/p','https://carrefourar.vtexassets.com/arquivos/ids/194631-800-auto?v=637516042938770000&width=800&height=auto&aspect=true',4,2,1);
INSERT INTO Product VALUES(836,'Pizza de muzzarella jamón y morrones 575 g. ','https://www.carrefour.com.ar/pizza-de-muzzarella-jamon-y-morrones-575-g/p','https://carrefourar.vtexassets.com/arquivos/ids/181585-800-auto?v=637468587603630000&width=800&height=auto&aspect=true',4,2,1);
INSERT INTO Product VALUES(837,'Pepitas artesanales batata 200 g. ','https://www.carrefour.com.ar/pepitas-artesanales-batata-200-g/p','https://carrefourar.vtexassets.com/arquivos/ids/204882-800-auto?v=637601375456330000&width=800&height=auto&aspect=true',4,2,1);
INSERT INTO Product VALUES(838,'Pepitas artesanales dulce de leche ','https://www.carrefour.com.ar/pepitas-artesanales-dulce-de-leche-50140/p','https://carrefourar.vtexassets.com/arquivos/ids/214051-800-auto?v=637677535786670000&width=800&height=auto&aspect=true',4,2,1);
INSERT INTO Product VALUES(839,'Mini cake Delician coco y dulce de leche 150 g. sin TACC ','https://www.carrefour.com.ar/mini-cake-delician-coco-y-dulce-de-leche-150-g-sin-tacc/p','https://carrefourar.vtexassets.com/arquivos/ids/175059-800-auto?v=637468568252530000&width=800&height=auto&aspect=true',4,2,1);
INSERT INTO Product VALUES(840,'Alfajor de maicena x 6 uni ','https://www.carrefour.com.ar/alfajor-de-maicena-x-6-uni-6295/p','https://carrefourar.vtexassets.com/arquivos/ids/255439-800-auto?v=637980852596430000&width=800&height=auto&aspect=true',4,2,1);
INSERT INTO Product VALUES(841,'Pizza de muzzarella con jamón y morrones 575 g. ','https://www.carrefour.com.ar/pizza-de-muzzarella-con-jamon-y-morrones-575-g/p','https://carrefourar.vtexassets.com/arquivos/ids/181572-800-auto?v=637468587575630000&width=800&height=auto&aspect=true',4,2,1);
INSERT INTO Product VALUES(842,'Pan de mesa lacteado Veneziana 400 g. ','https://www.carrefour.com.ar/pan-de-mesa-lacteado-veneziana-400-g-654382/p','https://carrefourar.vtexassets.com/arquivos/ids/179668-800-auto?v=637468582949070000&width=800&height=auto&aspect=true',4,2,1);
INSERT INTO Product VALUES(843,'Pollo al spiedo trozado x kg. ','https://www.carrefour.com.ar/pollo-al-spiedo-trozado-x-kg/p','https://carrefourar.vtexassets.com/arquivos/ids/183659-800-auto?v=637468591297270000&width=800&height=auto&aspect=true',4,2,1);
INSERT INTO Product VALUES(844,'Bizcochuelo rectangular Carrefour classic de chocolate 750 g. ','https://www.carrefour.com.ar/bizcochuelo-rectangular-carrefour-classic-de-chocolate-750-g-425718/p','https://carrefourar.vtexassets.com/arquivos/ids/426355-800-auto?v=638385203908030000&width=800&height=auto&aspect=true',4,2,1);
INSERT INTO Product VALUES(845,'Pastafrola membrillo 500 g. ','https://www.carrefour.com.ar/pastafrola-membrillo-500-g-481266/p','https://carrefourar.vtexassets.com/arquivos/ids/372641-800-auto?v=638303797782270000&width=800&height=auto&aspect=true',4,2,1);
INSERT INTO Product VALUES(846,'Ciriola artesanal redonda integral x uni ','https://www.carrefour.com.ar/ciriola-artesanal-redonda-integral-x-uni-545209/p','https://carrefourar.vtexassets.com/arquivos/ids/255948-800-auto?v=637986089428300000&width=800&height=auto&aspect=true',4,2,1);
INSERT INTO Product VALUES(847,'Lasagna di carne x 500 g. ','https://www.carrefour.com.ar/lasagna-di-carne-x-500-g-692620/p','https://carrefourar.vtexassets.com/arquivos/ids/257718-800-auto?v=638005972987830000&width=800&height=auto&aspect=true',4,2,1);
INSERT INTO Product VALUES(848,'Pionono salado Carrefour Classic 200 g. ','https://www.carrefour.com.ar/pionono-salado-carrefour-classic-200-g-729807/p','https://carrefourar.vtexassets.com/arquivos/ids/422528-800-auto?v=638369628299870000&width=800&height=auto&aspect=true',4,2,1);
INSERT INTO Product VALUES(849,'Pan molde orgánico 580 g. x unidad ','https://www.carrefour.com.ar/pan-molde-organico-580-g-x-unidad-683531/p','https://carrefourar.vtexassets.com/arquivos/ids/251812-800-auto?v=637945330267700000&width=800&height=auto&aspect=true',4,2,1);
INSERT INTO Product VALUES(850,'Alfajor de chocolate individual 60 g. ','https://www.carrefour.com.ar/alfajor-de-chocolate-individual-60-g-606078/p','https://carrefourar.vtexassets.com/arquivos/ids/492765-800-auto?v=638464767796300000&width=800&height=auto&aspect=true',4,2,1);
INSERT INTO Product VALUES(851,'Pionono dulce Bonafide 180 g. ','https://www.carrefour.com.ar/pionono-dulce-bonafide-180-g-734514/p','https://carrefourar.vtexassets.com/arquivos/ids/492068-800-auto?v=638459489161370000&width=800&height=auto&aspect=true',4,2,1);
INSERT INTO Product VALUES(852,'Pan campaigne orgánico 300 g. x unidad ','https://www.carrefour.com.ar/pan-campaigne-organico-300-g-x-unidad-683530/p','https://carrefourar.vtexassets.com/arquivos/ids/251810-800-auto?v=637945330249730000&width=800&height=auto&aspect=true',4,2,1);
INSERT INTO Product VALUES(853,'Tarteletas medianas x 10 uni ','https://www.carrefour.com.ar/tarteletas-medianas-x-10-uni/p','https://carrefourar.vtexassets.com/arquivos/ids/261375-800-auto?v=638028210801100000&width=800&height=auto&aspect=true',4,2,1);
INSERT INTO Product VALUES(854,'Magdalenas con chips 175 g. ','https://www.carrefour.com.ar/magdalenas-con-chips-175-g/p','https://carrefourar.vtexassets.com/arquivos/ids/201788-800-auto?v=637558430349200000&width=800&height=auto&aspect=true',4,2,1);
INSERT INTO Product VALUES(855,'Bizcochuelo Carrefour 3 capas chocolate 750 g. ','https://www.carrefour.com.ar/bizcochuelo-carrefour-3-capas-chocolate-750-g/p','https://carrefourar.vtexassets.com/arquivos/ids/172428-800-auto?v=637468547414430000&width=800&height=auto&aspect=true',4,2,1);
INSERT INTO Product VALUES(856,'Sandwich triple de miga jc/q pan negro El Mercado 3 uni ','https://www.carrefour.com.ar/sandwich-triple-de-miga-jc-q-pan-negro-el-mercado-3-uni-654451/p','https://carrefourar.vtexassets.com/arquivos/ids/386598-800-auto?v=638318705121030000&width=800&height=auto&aspect=true',4,2,1);
INSERT INTO Product VALUES(857,'Media barra orgánica 120 g. x unidad ','https://www.carrefour.com.ar/media-barra-organica-120-g-x-unidad-683529/p','https://carrefourar.vtexassets.com/arquivos/ids/251808-800-auto?v=637945330233300000&width=800&height=auto&aspect=true',4,2,1);
INSERT INTO Product VALUES(858,'Galletita triangulo de hojaldre cristal 150 g. ','https://www.carrefour.com.ar/galletita-triangulo-de-hojaldre-cristal-150-g-703601/p','https://carrefourar.vtexassets.com/arquivos/ids/273430-800-auto?v=638109660517700000&width=800&height=auto&aspect=true',4,2,1);
INSERT INTO Product VALUES(859,'Baguettin de jamón crudo camembert y rúcula x unidad. ','https://www.carrefour.com.ar/baguettin-de-jamon-crudo-camembert-y-rucula-x-unidad-714463/p','https://carrefourar.vtexassets.com/arquivos/ids/491899-800-auto?v=638459350619400000&width=800&height=auto&aspect=true',4,2,1);
INSERT INTO Product VALUES(860,'Bizcochuelo Carrefour 3 capas chocolate 370 g. ','https://www.carrefour.com.ar/bizcochuelo-carrefour-3-capas-chocolate-370-g/p','https://carrefourar.vtexassets.com/arquivos/ids/172425-800-auto?v=637468547398330000&width=800&height=auto&aspect=true',4,2,1);
INSERT INTO Product VALUES(861,'Porción de torta chocotorta 150 g. ','https://www.carrefour.com.ar/porcion-de-torta-chocotorta-150-g/p','https://carrefourar.vtexassets.com/arquivos/ids/197304-800-auto?v=637523692505700000&width=800&height=auto&aspect=true',4,2,1);
INSERT INTO Product VALUES(862,'Bizcochuelo 2 capas vainilla x 500 g. ','https://www.carrefour.com.ar/bizcochuelo-2-capas-vainilla-x-500-g-544886/p','https://carrefourar.vtexassets.com/arquivos/ids/255997-800-auto?v=637986089965330000&width=800&height=auto&aspect=true',4,2,1);
INSERT INTO Product VALUES(863,'Sandwich triple de miga surtidos x 12 uni ','https://www.carrefour.com.ar/sandwich-triple-de-miga-surtidos-x-12-uni-691640/p','https://carrefourar.vtexassets.com/arquivos/ids/273418-800-auto?v=638109660383030000&width=800&height=auto&aspect=true',4,2,1);
INSERT INTO Product VALUES(864,'Pepas con batata El Mercado 220 g. ','https://www.carrefour.com.ar/pepas-con-batata-el-mercado-220-g-718302/p','https://carrefourar.vtexassets.com/arquivos/ids/386624-800-auto?v=638318705251570000&width=800&height=auto&aspect=true',4,2,1);
INSERT INTO Product VALUES(865,'Sandwich triple de miga JyQ pan negro El Mercado 2 uni ','https://www.carrefour.com.ar/sandwich-triple-de-miga-jyq-pan-negro-el-mercado-2-uni-654453/p','https://carrefourar.vtexassets.com/arquivos/ids/386955-800-auto?v=638318706735830000&width=800&height=auto&aspect=true',4,2,1);
INSERT INTO Product VALUES(866,'Cookies vainilla ','https://www.carrefour.com.ar/cookies-vainilla-50106/p','https://carrefourar.vtexassets.com/arquivos/ids/214052-800-auto?v=637677535801800000&width=800&height=auto&aspect=true',4,2,1);
INSERT INTO Product VALUES(867,'Madalenas con gotas de chocolate 250 g. ','https://www.carrefour.com.ar/madalenas-con-gotas-de-chocolate-250-g-583242/p','https://carrefourar.vtexassets.com/arquivos/ids/249969-800-auto?v=637922857139030000&width=800&height=auto&aspect=true',4,2,1);
INSERT INTO Product VALUES(868,'Lasagna di verdura x 500 g. ','https://www.carrefour.com.ar/lasagna-di-verdura-x-500-g-692621/p','https://carrefourar.vtexassets.com/arquivos/ids/257719-800-auto?v=638005973570100000&width=800&height=auto&aspect=true',4,2,1);
INSERT INTO Product VALUES(869,'Bollitos de salvado ','https://www.carrefour.com.ar/bollitos-de-salvado-50050/p','https://carrefourar.vtexassets.com/arquivos/ids/214043-800-auto?v=637677535369400000&width=800&height=auto&aspect=true',4,2,1);
INSERT INTO Product VALUES(870,'Masas secas 200 g. ','https://www.carrefour.com.ar/masas-secas-200-g-10934/p','https://carrefourar.vtexassets.com/arquivos/ids/214048-800-auto?v=637677535712970000&width=800&height=auto&aspect=true',4,2,1);
INSERT INTO Product VALUES(871,'Empanada de carne premiun x unidad. ','https://www.carrefour.com.ar/empanada-de-carne-premiun-x-unidad-714444/p','https://carrefourar.vtexassets.com/arquivos/ids/491962-800-auto?v=638459383919970000&width=800&height=auto&aspect=true',4,2,1);
INSERT INTO Product VALUES(872,'Bagel con semilla de sésamo. ','https://www.carrefour.com.ar/bagel-con-semilla-de-sesamo-691662/p','https://carrefourar.vtexassets.com/arquivos/ids/261381-800-auto?v=638028343443070000&width=800&height=auto&aspect=true',4,2,1);
INSERT INTO Product VALUES(873,'Trenza con amapolas x unidad. ','https://www.carrefour.com.ar/trenza-con-amapolas-x-unidad-706004/p','https://carrefourar.vtexassets.com/arquivos/ids/492712-800-auto?v=638464767076670000&width=800&height=auto&aspect=true',4,2,1);
INSERT INTO Product VALUES(874,'Pastafrola membrillo 250 g. ','https://www.carrefour.com.ar/pastafrola-membrillo-250-g-493027/p','https://carrefourar.vtexassets.com/arquivos/ids/256008-800-auto?v=637986090081270000&width=800&height=auto&aspect=true',4,2,1);
INSERT INTO Product VALUES(875,'Barra organica 250 g. x unidad ','https://www.carrefour.com.ar/barra-organica-250-g-x-unidad-683527/p','https://carrefourar.vtexassets.com/arquivos/ids/251804-800-auto?v=637945330198500000&width=800&height=auto&aspect=true',4,2,1);
INSERT INTO Product VALUES(876,'Scon Recetas para tentarte 180 g. ','https://www.carrefour.com.ar/scon-recetas-para-tentarte-180-g/p','https://carrefourar.vtexassets.com/arquivos/ids/175025-800-auto?v=637468567862070000&width=800&height=auto&aspect=true',4,2,1);
INSERT INTO Product VALUES(877,'Torta Rogel 900 g. ','https://www.carrefour.com.ar/torta-rogel-900-g-615533/p','https://carrefourar.vtexassets.com/arquivos/ids/273425-800-auto?v=638109660461770000&width=800&height=auto&aspect=true',4,2,1);
INSERT INTO Product VALUES(878,'Bizcochuelo Carrefour 3 capas vainilla 500 g. ','https://www.carrefour.com.ar/bizcochuelo-carrefour-3-capas-vainilla-500-g/p','https://carrefourar.vtexassets.com/arquivos/ids/172420-800-auto?v=637468547376130000&width=800&height=auto&aspect=true',4,2,1);
INSERT INTO Product VALUES(879,'Crocchette di bondiola x uni ','https://www.carrefour.com.ar/crocchette-di-bondiola-x-uni-691446/p','https://carrefourar.vtexassets.com/arquivos/ids/257714-800-auto?v=638005970595770000&width=800&height=auto&aspect=true',4,2,1);
INSERT INTO Product VALUES(880,'Tarta de frutilla congelada 1 kg. ','https://www.carrefour.com.ar/tarta-de-frutilla-congelada-1-kg-594708/p','https://carrefourar.vtexassets.com/arquivos/ids/261521-800-auto?v=638030132426730000&width=800&height=auto&aspect=true',4,2,1);
INSERT INTO Product VALUES(881,'Pudding con semillas El mercado 200 g. ','https://www.carrefour.com.ar/pudding-con-semillas-el-mercado-200-g-718310/p','https://carrefourar.vtexassets.com/arquivos/ids/372642-800-auto?v=638303797790370000&width=800&height=auto&aspect=true',4,2,1);
INSERT INTO Product VALUES(882,'Coquitos dulces 180 g. ','https://www.carrefour.com.ar/coquitos-dulces-180-g/p','https://carrefourar.vtexassets.com/arquivos/ids/175023-800-auto?v=637468567851270000&width=800&height=auto&aspect=true',4,2,1);
INSERT INTO Product VALUES(883,'Pan rallado Preferido con harina 500 g. ','https://www.carrefour.com.ar/pan-rallado-preferido-con-harina-500-g/p','https://carrefourar.vtexassets.com/arquivos/ids/179936-800-auto?v=637468583738370000&width=800&height=auto&aspect=true',4,2,1);
INSERT INTO Product VALUES(884,'Pollo trozado al spiedo x kg. ','https://www.carrefour.com.ar/pollo-trozado-al-spiedo-x-kg-720355/p','https://carrefourar.vtexassets.com/arquivos/ids/471110-800-auto?v=638423214902570000&width=800&height=auto&aspect=true',4,2,1);
INSERT INTO Product VALUES(885,'Tarta de jamón y queso x unidad. ','https://www.carrefour.com.ar/tarta-de-jamon-y-queso-x-unidad-714440/p','https://carrefourar.vtexassets.com/arquivos/ids/492521-800-auto?v=638463790605000000&width=800&height=auto&aspect=true',4,2,1);
INSERT INTO Product VALUES(886,'Bizcochuelo Carrefour 2 capas chocolate 500 g. ','https://www.carrefour.com.ar/bizcochuelo-carrefour-2-capas-chocolate-500-g/p','https://carrefourar.vtexassets.com/arquivos/ids/172429-800-auto?v=637468547417900000&width=800&height=auto&aspect=true',4,2,1);
INSERT INTO Product VALUES(887,'Porción de torta brownie 150 g. ','https://www.carrefour.com.ar/porcion-de-torta-brownie-150-g/p','https://carrefourar.vtexassets.com/arquivos/ids/197307-800-auto?v=637523692519300000&width=800&height=auto&aspect=true',4,2,1);
INSERT INTO Product VALUES(888,'Parmigiana di melanzane x 500 g. ','https://www.carrefour.com.ar/parmigiana-di-melanzane-x-500-g-692623/p','https://carrefourar.vtexassets.com/arquivos/ids/257720-800-auto?v=638005974132470000&width=800&height=auto&aspect=true',4,2,1);
INSERT INTO Product VALUES(889,'Tiramisú x uni ','https://www.carrefour.com.ar/tiramisu-x-uni-691447/p','https://carrefourar.vtexassets.com/arquivos/ids/257715-800-auto?v=638005971558330000&width=800&height=auto&aspect=true',4,2,1);
INSERT INTO Product VALUES(890,'Magdalenas Bon Mase chocolate 250 g. ','https://www.carrefour.com.ar/madalenas-bon-mase-chocolate-250-g/p','https://carrefourar.vtexassets.com/arquivos/ids/201787-800-auto?v=637558430335270000&width=800&height=auto&aspect=true',4,2,1);
INSERT INTO Product VALUES(891,'Muffin de frutos secos 3 uni ','https://www.carrefour.com.ar/muffin-de-frutos-secos-3-uni/p','https://carrefourar.vtexassets.com/arquivos/ids/178550-800-auto?v=637468579385200000&width=800&height=auto&aspect=true',4,2,1);
INSERT INTO Product VALUES(892,'Sandwich milanesa carne vacuna jamón y queso So Fresh uni ','https://www.carrefour.com.ar/sandwich-milanesa-carne-vacuna-jamon-y-queso-so-fresh-uni/p','https://carrefourar.vtexassets.com/arquivos/ids/214652-800-auto?v=637679409757570000&width=800&height=auto&aspect=true',4,2,1);
INSERT INTO Product VALUES(893,'Torta congelada de vainilla 700 g. ','https://www.carrefour.com.ar/torta-congelada-de-vainilla-700-g-631567/p','https://carrefourar.vtexassets.com/arquivos/ids/205624-800-auto?v=637606592429200000&width=800&height=auto&aspect=true',4,2,1);
INSERT INTO Product VALUES(894,'Porción de torta oreo 150 g. ','https://www.carrefour.com.ar/porcion-de-torta-oreo-150-g/p','https://carrefourar.vtexassets.com/arquivos/ids/197305-800-auto?v=637523692509430000&width=800&height=auto&aspect=true',4,2,1);
INSERT INTO Product VALUES(895,'Ensalada Falafel x uni ','https://www.carrefour.com.ar/ensalada-falafel-x-uni-706451/p','https://carrefourar.vtexassets.com/arquivos/ids/257734-800-auto?v=638006665097900000&width=800&height=auto&aspect=true',4,2,1);
INSERT INTO Product VALUES(896,'Pastafrola batata 250 g. ','https://www.carrefour.com.ar/pastafrola-batata-250-g-493028/p','https://carrefourar.vtexassets.com/arquivos/ids/256009-800-auto?v=637986090091830000&width=800&height=auto&aspect=true',4,2,1);
INSERT INTO Product VALUES(897,'Sandwich triángulo italiano El Mercado x 3 uni ','https://www.carrefour.com.ar/sandwich-triangulo-italiano-el-mercado-x-3-uni/p','https://carrefourar.vtexassets.com/arquivos/ids/386572-800-auto?v=638318705008600000&width=800&height=auto&aspect=true',4,2,1);
INSERT INTO Product VALUES(898,'Ensalada Lunani x uni ','https://www.carrefour.com.ar/ensalada-lunani-x-uni-706452/p','https://carrefourar.vtexassets.com/arquivos/ids/257735-800-auto?v=638006665732300000&width=800&height=auto&aspect=true',4,2,1);
INSERT INTO Product VALUES(899,'Fatay de queso x uni ','https://www.carrefour.com.ar/fatay-de-queso-x-uni-708904/p','https://carrefourar.vtexassets.com/arquivos/ids/366654-800-auto?v=638273794189100000&width=800&height=auto&aspect=true',4,2,1);
INSERT INTO Product VALUES(900,'Arancini di carne x uni ','https://www.carrefour.com.ar/arancini-di-carne-x-uni-691443/p','https://carrefourar.vtexassets.com/arquivos/ids/257712-800-auto?v=638005969542670000&width=800&height=auto&aspect=true',4,2,1);
INSERT INTO Product VALUES(902,'Shawarma de ternera x unidad. ','https://www.carrefour.com.ar/shawarma-de-ternera-x-unidad-706183/p','https://carrefourar.vtexassets.com/arquivos/ids/492510-800-auto?v=638461272058470000&width=800&height=auto&aspect=true',4,2,1);
INSERT INTO Product VALUES(903,'Ensalada Fatoush x uni ','https://www.carrefour.com.ar/ensalada-fatoush-x-uni-706450/p','https://carrefourar.vtexassets.com/arquivos/ids/257733-800-auto?v=638006664686100000&width=800&height=auto&aspect=true',4,2,1);
INSERT INTO Product VALUES(904,'Ensalada Tabule x uni ','https://www.carrefour.com.ar/ensalada-tabule-x-uni-706449/p','https://carrefourar.vtexassets.com/arquivos/ids/257732-800-auto?v=638006663968730000&width=800&height=auto&aspect=true',4,2,1);
INSERT INTO Product VALUES(905,'Crocchette di verdura x uni ','https://www.carrefour.com.ar/crocchette-di-verdura-x-uni-691445/p','https://carrefourar.vtexassets.com/arquivos/ids/257713-800-auto?v=638005970043070000&width=800&height=auto&aspect=true',4,2,1);
INSERT INTO Product VALUES(906,'Arancini di verdura x uni ','https://www.carrefour.com.ar/arancini-di-verdura-x-uni-691442/p','https://carrefourar.vtexassets.com/arquivos/ids/257711-800-auto?v=638005969007230000&width=800&height=auto&aspect=true',4,2,1);
CREATE TABLE IF NOT EXISTS "ProductDailyPrice" (
    "id" INTEGER NOT NULL PRIMARY KEY AUTOINCREMENT,
    "productId" INTEGER NOT NULL,
    "hasDiscount" BOOLEAN NOT NULL,
    "price" REAL NOT NULL,
    "discountPrice" REAL NOT NULL,
    "date" DATETIME NOT NULL,
    "diffPercentage" REAL NOT NULL DEFAULT 0.0,
    CONSTRAINT "ProductDailyPrice_productId_fkey" FOREIGN KEY ("productId") REFERENCES "Product" ("id") ON DELETE RESTRICT ON UPDATE CASCADE
);
INSERT INTO ProductDailyPrice VALUES(2812,713,0,1390.0,1390.0,1714608000000,0.0);
INSERT INTO ProductDailyPrice VALUES(2813,714,0,2545.0,2545.0,1714608000000,0.0);
INSERT INTO ProductDailyPrice VALUES(2814,715,0,1475.0,1475.0,1714608000000,0.0);
INSERT INTO ProductDailyPrice VALUES(2815,716,0,1329.0,1329.0,1714608000000,0.0);
INSERT INTO ProductDailyPrice VALUES(2816,717,1,589.0,499.0,1714608000000,0.0);
INSERT INTO ProductDailyPrice VALUES(2817,718,1,1390.0,1042.5,1714608000000,0.0);
INSERT INTO ProductDailyPrice VALUES(2818,719,1,1560.0,1170.0,1714608000000,0.0);
INSERT INTO ProductDailyPrice VALUES(2819,720,0,1250.0,1250.0,1714608000000,0.0);
INSERT INTO ProductDailyPrice VALUES(2820,714,0,2545.0,2545.0,1714694400000,0.0);
INSERT INTO ProductDailyPrice VALUES(2821,716,0,1329.0,1329.0,1714694400000,0.0);
INSERT INTO ProductDailyPrice VALUES(2822,718,1,1390.0,1042.5,1714694400000,0.0);
INSERT INTO ProductDailyPrice VALUES(2823,719,1,1560.0,1170.0,1714694400000,0.0);
INSERT INTO ProductDailyPrice VALUES(2824,717,1,589.0,499.0,1714694400000,0.0);
INSERT INTO ProductDailyPrice VALUES(2825,720,0,1370.0,1370.0,1714694400000,9.59999999999999965);
INSERT INTO ProductDailyPrice VALUES(2826,715,0,1650.0,1650.0,1714694400000,11.86440677966102086);
INSERT INTO ProductDailyPrice VALUES(2827,713,0,1390.0,1390.0,1714694400000,0.0);
INSERT INTO ProductDailyPrice VALUES(2828,721,1,1550.0,1395.0,1714694400000,0.0);
INSERT INTO ProductDailyPrice VALUES(2829,713,0,1390.0,1390.0,1714780800000,0.0);
INSERT INTO ProductDailyPrice VALUES(2830,721,1,1550.0,1395.0,1714780800000,0.0);
INSERT INTO ProductDailyPrice VALUES(2831,720,0,1370.0,1370.0,1714780800000,0.0);
INSERT INTO ProductDailyPrice VALUES(2832,714,0,2545.0,2545.0,1714780800000,0.0);
INSERT INTO ProductDailyPrice VALUES(2833,715,0,1650.0,1650.0,1714780800000,0.0);
INSERT INTO ProductDailyPrice VALUES(2834,719,1,1560.0,1170.0,1714780800000,0.0);
INSERT INTO ProductDailyPrice VALUES(2835,716,0,1329.0,1329.0,1714780800000,0.0);
INSERT INTO ProductDailyPrice VALUES(2836,717,1,589.0,499.0,1714780800000,0.0);
INSERT INTO ProductDailyPrice VALUES(2837,718,1,1390.0,1042.5,1714780800000,0.0);
INSERT INTO ProductDailyPrice VALUES(2838,722,0,1649.0,1649.0,1714780800000,0.0);
INSERT INTO ProductDailyPrice VALUES(2839,721,1,1550.0,1395.0,1714867200000,0.0);
INSERT INTO ProductDailyPrice VALUES(2840,720,0,1370.0,1370.0,1714867200000,0.0);
INSERT INTO ProductDailyPrice VALUES(2841,715,0,1650.0,1650.0,1714867200000,0.0);
INSERT INTO ProductDailyPrice VALUES(2842,717,1,589.0,499.0,1714867200000,0.0);
INSERT INTO ProductDailyPrice VALUES(2843,722,0,1649.0,1649.0,1714867200000,0.0);
INSERT INTO ProductDailyPrice VALUES(2844,713,0,1390.0,1390.0,1714867200000,0.0);
INSERT INTO ProductDailyPrice VALUES(2845,716,0,1329.0,1329.0,1714867200000,0.0);
INSERT INTO ProductDailyPrice VALUES(2846,714,0,2545.0,2545.0,1714867200000,0.0);
INSERT INTO ProductDailyPrice VALUES(2847,719,1,1560.0,1170.0,1714867200000,0.0);
INSERT INTO ProductDailyPrice VALUES(2848,718,1,1390.0,1042.5,1714867200000,0.0);
INSERT INTO ProductDailyPrice VALUES(2849,723,0,3289.0,3289.0,1714867200000,0.0);
INSERT INTO ProductDailyPrice VALUES(2850,724,0,5120.0,5120.0,1714867200000,0.0);
INSERT INTO ProductDailyPrice VALUES(2851,725,0,4420.0,4420.0,1714867200000,0.0);
INSERT INTO ProductDailyPrice VALUES(2852,726,0,2610.0,2610.0,1714867200000,0.0);
INSERT INTO ProductDailyPrice VALUES(2853,727,1,3390.0,3084.90000000000009,1714867200000,0.0);
INSERT INTO ProductDailyPrice VALUES(2854,728,0,3330.0,3330.0,1714867200000,0.0);
INSERT INTO ProductDailyPrice VALUES(2855,729,0,2615.0,2615.0,1714867200000,0.0);
INSERT INTO ProductDailyPrice VALUES(2856,730,1,1035.0,719.3999999999999773,1714867200000,0.0);
INSERT INTO ProductDailyPrice VALUES(2857,731,0,1995.0,1995.0,1714867200000,0.0);
INSERT INTO ProductDailyPrice VALUES(2858,732,0,4080.0,4080.0,1714867200000,0.0);
INSERT INTO ProductDailyPrice VALUES(2859,733,0,2170.0,2170.0,1714867200000,0.0);
INSERT INTO ProductDailyPrice VALUES(2860,734,1,1690.0,1487.200000000000045,1714867200000,0.0);
INSERT INTO ProductDailyPrice VALUES(2861,735,1,1339.0,1138.150000000000091,1714867200000,0.0);
INSERT INTO ProductDailyPrice VALUES(2862,736,0,2360.0,2360.0,1714867200000,0.0);
INSERT INTO ProductDailyPrice VALUES(2863,737,0,1510.0,1510.0,1714867200000,0.0);
INSERT INTO ProductDailyPrice VALUES(2864,738,0,2300.0,2300.0,1714867200000,0.0);
INSERT INTO ProductDailyPrice VALUES(2865,739,0,3580.0,3580.0,1714867200000,0.0);
INSERT INTO ProductDailyPrice VALUES(2866,740,0,1820.0,1820.0,1714867200000,0.0);
INSERT INTO ProductDailyPrice VALUES(2867,741,0,2610.0,2610.0,1714867200000,0.0);
INSERT INTO ProductDailyPrice VALUES(2868,742,0,1510.0,1510.0,1714867200000,0.0);
INSERT INTO ProductDailyPrice VALUES(2869,743,0,3905.0,3905.0,1714867200000,0.0);
INSERT INTO ProductDailyPrice VALUES(2870,744,1,1339.0,1138.150000000000091,1714867200000,0.0);
INSERT INTO ProductDailyPrice VALUES(2871,745,0,3540.0,3540.0,1714867200000,0.0);
INSERT INTO ProductDailyPrice VALUES(2872,746,0,2490.0,2490.0,1714867200000,0.0);
INSERT INTO ProductDailyPrice VALUES(2873,747,1,1590.0,1446.90000000000009,1714867200000,0.0);
INSERT INTO ProductDailyPrice VALUES(2874,748,1,1846.670000000000072,1385.0,1714867200000,0.0);
INSERT INTO ProductDailyPrice VALUES(2875,749,0,2610.0,2610.0,1714867200000,0.0);
INSERT INTO ProductDailyPrice VALUES(2876,750,0,2360.0,2360.0,1714867200000,0.0);
INSERT INTO ProductDailyPrice VALUES(2877,751,0,1290.0,1290.0,1714867200000,0.0);
INSERT INTO ProductDailyPrice VALUES(2878,752,0,929.0,929.0,1714867200000,0.0);
INSERT INTO ProductDailyPrice VALUES(2879,753,0,1469.0,1469.0,1714867200000,0.0);
INSERT INTO ProductDailyPrice VALUES(2880,754,0,2300.0,2300.0,1714867200000,0.0);
INSERT INTO ProductDailyPrice VALUES(2881,755,0,3040.0,3040.0,1714867200000,0.0);
INSERT INTO ProductDailyPrice VALUES(2882,756,0,1359.0,1359.0,1714867200000,0.0);
INSERT INTO ProductDailyPrice VALUES(2883,757,0,3630.0,3630.0,1714867200000,0.0);
INSERT INTO ProductDailyPrice VALUES(2884,758,0,1430.0,1430.0,1714867200000,0.0);
INSERT INTO ProductDailyPrice VALUES(2885,759,0,1489.0,1489.0,1714867200000,0.0);
INSERT INTO ProductDailyPrice VALUES(2886,760,1,2290.0,2083.90000000000009,1714867200000,0.0);
INSERT INTO ProductDailyPrice VALUES(2887,761,0,4200.0,4200.0,1714867200000,0.0);
INSERT INTO ProductDailyPrice VALUES(2888,762,0,2170.0,2170.0,1714867200000,0.0);
INSERT INTO ProductDailyPrice VALUES(2889,763,0,990.0,990.0,1714867200000,0.0);
INSERT INTO ProductDailyPrice VALUES(2890,764,0,3230.0,3230.0,1714867200000,0.0);
INSERT INTO ProductDailyPrice VALUES(2891,765,0,3200.0,3200.0,1714867200000,0.0);
INSERT INTO ProductDailyPrice VALUES(2892,766,0,1630.0,1630.0,1714867200000,0.0);
INSERT INTO ProductDailyPrice VALUES(2893,767,0,1210.0,1210.0,1714867200000,0.0);
INSERT INTO ProductDailyPrice VALUES(2894,768,0,2200.0,2200.0,1714867200000,0.0);
INSERT INTO ProductDailyPrice VALUES(2895,769,0,3030.0,3030.0,1714867200000,0.0);
INSERT INTO ProductDailyPrice VALUES(2896,770,0,2769.0,2769.0,1714867200000,0.0);
INSERT INTO ProductDailyPrice VALUES(2897,771,0,1450.0,1450.0,1714867200000,0.0);
INSERT INTO ProductDailyPrice VALUES(2898,772,0,3280.0,3280.0,1714867200000,0.0);
INSERT INTO ProductDailyPrice VALUES(2899,773,0,3330.0,3330.0,1714867200000,0.0);
INSERT INTO ProductDailyPrice VALUES(2900,774,1,2039.0,1733.15000000000009,1714867200000,0.0);
INSERT INTO ProductDailyPrice VALUES(2901,775,0,849.0,849.0,1714867200000,0.0);
INSERT INTO ProductDailyPrice VALUES(2902,776,1,2290.0,2083.90000000000009,1714867200000,0.0);
INSERT INTO ProductDailyPrice VALUES(2903,777,0,859.0,859.0,1714867200000,0.0);
INSERT INTO ProductDailyPrice VALUES(2904,778,1,3370.0,2864.5,1714867200000,0.0);
INSERT INTO ProductDailyPrice VALUES(2905,779,0,3330.0,3330.0,1714867200000,0.0);
INSERT INTO ProductDailyPrice VALUES(2906,780,0,2870.0,2870.0,1714867200000,0.0);
INSERT INTO ProductDailyPrice VALUES(2907,781,0,1950.0,1950.0,1714867200000,0.0);
INSERT INTO ProductDailyPrice VALUES(2908,782,0,3149.0,3149.0,1714867200000,0.0);
INSERT INTO ProductDailyPrice VALUES(2909,783,0,3905.0,3905.0,1714867200000,0.0);
INSERT INTO ProductDailyPrice VALUES(2910,784,0,2030.0,2030.0,1714867200000,0.0);
INSERT INTO ProductDailyPrice VALUES(2911,785,0,990.0,990.0,1714867200000,0.0);
INSERT INTO ProductDailyPrice VALUES(2912,786,0,1989.0,1989.0,1714867200000,0.0);
INSERT INTO ProductDailyPrice VALUES(2913,787,0,1629.0,1629.0,1714867200000,0.0);
INSERT INTO ProductDailyPrice VALUES(2914,788,0,949.0,949.0,1714867200000,0.0);
INSERT INTO ProductDailyPrice VALUES(2915,789,0,2165.0,2165.0,1714867200000,0.0);
INSERT INTO ProductDailyPrice VALUES(2916,790,1,1390.0,1292.700000000000045,1714867200000,0.0);
INSERT INTO ProductDailyPrice VALUES(2917,791,0,2095.0,2095.0,1714867200000,0.0);
INSERT INTO ProductDailyPrice VALUES(2918,792,1,4975.0,3731.25,1714867200000,0.0);
INSERT INTO ProductDailyPrice VALUES(2919,793,0,4500.0,4500.0,1714867200000,0.0);
INSERT INTO ProductDailyPrice VALUES(2920,794,1,5380.0,2890.0,1714867200000,0.0);
INSERT INTO ProductDailyPrice VALUES(2921,795,0,1450.0,1450.0,1714867200000,0.0);
INSERT INTO ProductDailyPrice VALUES(2922,796,0,1705.0,1705.0,1714867200000,0.0);
INSERT INTO ProductDailyPrice VALUES(2923,797,0,1050.0,1050.0,1714867200000,0.0);
INSERT INTO ProductDailyPrice VALUES(2924,798,0,1905.0,1905.0,1714867200000,0.0);
INSERT INTO ProductDailyPrice VALUES(2925,799,0,2250.0,2250.0,1714867200000,0.0);
INSERT INTO ProductDailyPrice VALUES(2926,800,1,3499.0,2624.25,1714867200000,0.0);
INSERT INTO ProductDailyPrice VALUES(2927,801,1,4975.0,3731.25,1714867200000,0.0);
INSERT INTO ProductDailyPrice VALUES(2928,802,0,2449.0,2449.0,1714867200000,0.0);
INSERT INTO ProductDailyPrice VALUES(2929,803,0,1899.0,1899.0,1714867200000,0.0);
INSERT INTO ProductDailyPrice VALUES(2930,804,0,725.0,725.0,1714867200000,0.0);
INSERT INTO ProductDailyPrice VALUES(2931,805,0,4500.0,4500.0,1714867200000,0.0);
INSERT INTO ProductDailyPrice VALUES(2932,806,0,2100.0,2100.0,1714867200000,0.0);
INSERT INTO ProductDailyPrice VALUES(2933,807,1,1790.0,999.0,1714867200000,0.0);
INSERT INTO ProductDailyPrice VALUES(2934,808,1,2280.0,1599.0,1714867200000,0.0);
INSERT INTO ProductDailyPrice VALUES(2935,809,0,1839.0,1839.0,1714867200000,0.0);
INSERT INTO ProductDailyPrice VALUES(2936,810,1,6890.0,6407.699999999999819,1714867200000,0.0);
INSERT INTO ProductDailyPrice VALUES(2937,811,0,1099.0,1099.0,1714867200000,0.0);
INSERT INTO ProductDailyPrice VALUES(2938,812,0,2199.0,2199.0,1714867200000,0.0);
INSERT INTO ProductDailyPrice VALUES(2939,813,1,2335.0,1990.0,1714867200000,0.0);
INSERT INTO ProductDailyPrice VALUES(2940,814,0,2950.0,2950.0,1714867200000,0.0);
INSERT INTO ProductDailyPrice VALUES(2941,815,0,7315.0,7315.0,1714867200000,0.0);
INSERT INTO ProductDailyPrice VALUES(2942,816,0,3860.0,3860.0,1714867200000,0.0);
INSERT INTO ProductDailyPrice VALUES(2943,817,0,2725.0,2725.0,1714867200000,0.0);
INSERT INTO ProductDailyPrice VALUES(2944,818,1,1390.0,1292.700000000000045,1714867200000,0.0);
INSERT INTO ProductDailyPrice VALUES(2945,819,0,1590.0,1590.0,1714867200000,0.0);
INSERT INTO ProductDailyPrice VALUES(2946,820,0,790.0,790.0,1714867200000,0.0);
INSERT INTO ProductDailyPrice VALUES(2947,821,0,2079.0,2079.0,1714867200000,0.0);
INSERT INTO ProductDailyPrice VALUES(2948,822,0,1500.0,1500.0,1714867200000,0.0);
INSERT INTO ProductDailyPrice VALUES(2949,823,1,2110.0,1790.0,1714867200000,0.0);
INSERT INTO ProductDailyPrice VALUES(2950,824,0,2210.0,2210.0,1714867200000,0.0);
INSERT INTO ProductDailyPrice VALUES(2951,825,0,2005.0,2005.0,1714867200000,0.0);
INSERT INTO ProductDailyPrice VALUES(2952,826,0,2725.0,2725.0,1714867200000,0.0);
INSERT INTO ProductDailyPrice VALUES(2953,827,0,1905.0,1905.0,1714867200000,0.0);
INSERT INTO ProductDailyPrice VALUES(2954,828,0,2725.0,2725.0,1714867200000,0.0);
INSERT INTO ProductDailyPrice VALUES(2955,829,1,2440.0,1890.0,1714867200000,0.0);
INSERT INTO ProductDailyPrice VALUES(2956,830,0,3900.0,3900.0,1714867200000,0.0);
INSERT INTO ProductDailyPrice VALUES(2957,831,0,1500.0,1500.0,1714867200000,0.0);
INSERT INTO ProductDailyPrice VALUES(2958,832,1,2695.0,2290.0,1714867200000,0.0);
INSERT INTO ProductDailyPrice VALUES(2959,833,1,2295.0,1990.0,1714867200000,0.0);
INSERT INTO ProductDailyPrice VALUES(2960,834,1,6890.0,6201.0,1714867200000,0.0);
INSERT INTO ProductDailyPrice VALUES(2961,835,0,1910.0,1910.0,1714867200000,0.0);
INSERT INTO ProductDailyPrice VALUES(2962,836,0,5090.0,5090.0,1714867200000,0.0);
INSERT INTO ProductDailyPrice VALUES(2963,837,0,2490.0,2490.0,1714867200000,0.0);
INSERT INTO ProductDailyPrice VALUES(2964,838,0,2490.0,2490.0,1714867200000,0.0);
INSERT INTO ProductDailyPrice VALUES(2965,839,1,2295.0,1990.0,1714867200000,0.0);
INSERT INTO ProductDailyPrice VALUES(2966,840,0,3595.0,3595.0,1714867200000,0.0);
INSERT INTO ProductDailyPrice VALUES(2967,841,0,5090.0,5090.0,1714867200000,0.0);
INSERT INTO ProductDailyPrice VALUES(2968,842,0,2219.0,2219.0,1714867200000,0.0);
INSERT INTO ProductDailyPrice VALUES(2969,843,0,7315.0,7315.0,1714867200000,0.0);
INSERT INTO ProductDailyPrice VALUES(2970,844,1,6990.0,6291.0,1714867200000,0.0);
INSERT INTO ProductDailyPrice VALUES(2971,845,0,6975.0,6975.0,1714867200000,0.0);
INSERT INTO ProductDailyPrice VALUES(2972,846,0,1010.0,1010.0,1714867200000,0.0);
INSERT INTO ProductDailyPrice VALUES(2973,847,0,7500.0,7500.0,1714867200000,0.0);
INSERT INTO ProductDailyPrice VALUES(2974,848,1,2305.0,1599.0,1714867200000,0.0);
INSERT INTO ProductDailyPrice VALUES(2975,849,0,4190.0,4190.0,1714867200000,0.0);
INSERT INTO ProductDailyPrice VALUES(2976,850,0,775.0,775.0,1714867200000,0.0);
INSERT INTO ProductDailyPrice VALUES(2977,851,0,1790.0,1790.0,1714867200000,0.0);
INSERT INTO ProductDailyPrice VALUES(2978,852,0,2190.0,2190.0,1714867200000,0.0);
INSERT INTO ProductDailyPrice VALUES(2979,853,0,2950.0,2950.0,1714867200000,0.0);
INSERT INTO ProductDailyPrice VALUES(2980,854,0,1560.0,1560.0,1714867200000,0.0);
INSERT INTO ProductDailyPrice VALUES(2981,855,0,7490.0,7490.0,1714867200000,0.0);
INSERT INTO ProductDailyPrice VALUES(2982,856,0,2699.0,2699.0,1714867200000,0.0);
INSERT INTO ProductDailyPrice VALUES(2983,857,0,990.0,990.0,1714867200000,0.0);
INSERT INTO ProductDailyPrice VALUES(2984,858,0,1555.0,1555.0,1714867200000,0.0);
INSERT INTO ProductDailyPrice VALUES(2985,859,0,2500.0,2500.0,1714867200000,0.0);
INSERT INTO ProductDailyPrice VALUES(2986,860,0,4779.0,4779.0,1714867200000,0.0);
INSERT INTO ProductDailyPrice VALUES(2987,861,0,4890.0,4890.0,1714867200000,0.0);
INSERT INTO ProductDailyPrice VALUES(2988,862,0,4779.0,4779.0,1714867200000,0.0);
INSERT INTO ProductDailyPrice VALUES(2989,863,0,10500.0,10500.0,1714867200000,0.0);
INSERT INTO ProductDailyPrice VALUES(2990,864,1,2670.0,1990.0,1714867200000,0.0);
INSERT INTO ProductDailyPrice VALUES(2991,865,0,1999.0,1999.0,1714867200000,0.0);
INSERT INTO ProductDailyPrice VALUES(2992,866,0,2490.0,2490.0,1714867200000,0.0);
INSERT INTO ProductDailyPrice VALUES(2993,867,1,1990.0,1250.0,1714867200000,0.0);
INSERT INTO ProductDailyPrice VALUES(2994,868,0,7000.0,7000.0,1714867200000,0.0);
INSERT INTO ProductDailyPrice VALUES(2995,869,0,1590.0,1590.0,1714867200000,0.0);
INSERT INTO ProductDailyPrice VALUES(2996,870,0,2290.0,2290.0,1714867200000,0.0);
INSERT INTO ProductDailyPrice VALUES(2997,871,0,799.0,799.0,1714867200000,0.0);
INSERT INTO ProductDailyPrice VALUES(2998,872,0,3790.0,3790.0,1714867200000,0.0);
INSERT INTO ProductDailyPrice VALUES(2999,873,0,2400.0,2400.0,1714867200000,0.0);
INSERT INTO ProductDailyPrice VALUES(3000,874,0,2965.0,2965.0,1714867200000,0.0);
INSERT INTO ProductDailyPrice VALUES(3001,875,0,1890.0,1890.0,1714867200000,0.0);
INSERT INTO ProductDailyPrice VALUES(3002,876,0,3350.0,3350.0,1714867200000,0.0);
INSERT INTO ProductDailyPrice VALUES(3003,877,0,15900.0,15900.0,1714867200000,0.0);
INSERT INTO ProductDailyPrice VALUES(3004,878,0,6390.0,6390.0,1714867200000,0.0);
INSERT INTO ProductDailyPrice VALUES(3005,879,0,900.0,900.0,1714867200000,0.0);
INSERT INTO ProductDailyPrice VALUES(3006,880,0,19900.0,19900.0,1714867200000,0.0);
INSERT INTO ProductDailyPrice VALUES(3007,881,1,3980.0,3090.0,1714867200000,0.0);
INSERT INTO ProductDailyPrice VALUES(3008,882,0,5445.0,5445.0,1714867200000,0.0);
INSERT INTO ProductDailyPrice VALUES(3009,883,0,1565.0,1565.0,1714867200000,0.0);
INSERT INTO ProductDailyPrice VALUES(3010,884,0,7315.0,7315.0,1714867200000,0.0);
INSERT INTO ProductDailyPrice VALUES(3011,885,0,2739.0,2739.0,1714867200000,0.0);
INSERT INTO ProductDailyPrice VALUES(3012,886,0,5175.0,5175.0,1714867200000,0.0);
INSERT INTO ProductDailyPrice VALUES(3013,887,0,4790.0,4790.0,1714867200000,0.0);
INSERT INTO ProductDailyPrice VALUES(3014,888,0,6500.0,6500.0,1714867200000,0.0);
INSERT INTO ProductDailyPrice VALUES(3015,889,0,2500.0,2500.0,1714867200000,0.0);
INSERT INTO ProductDailyPrice VALUES(3016,890,0,2390.0,2390.0,1714867200000,0.0);
INSERT INTO ProductDailyPrice VALUES(3017,891,1,4180.0,3290.0,1714867200000,0.0);
INSERT INTO ProductDailyPrice VALUES(3018,892,0,4175.0,4175.0,1714867200000,0.0);
INSERT INTO ProductDailyPrice VALUES(3019,893,0,13900.0,13900.0,1714867200000,0.0);
INSERT INTO ProductDailyPrice VALUES(3020,894,0,4790.0,4790.0,1714867200000,0.0);
INSERT INTO ProductDailyPrice VALUES(3021,895,0,4500.0,4500.0,1714867200000,0.0);
INSERT INTO ProductDailyPrice VALUES(3022,896,0,3020.0,3020.0,1714867200000,0.0);
INSERT INTO ProductDailyPrice VALUES(3023,897,0,4200.0,4200.0,1714867200000,0.0);
INSERT INTO ProductDailyPrice VALUES(3024,898,0,4300.0,4300.0,1714867200000,0.0);
INSERT INTO ProductDailyPrice VALUES(3025,899,0,1550.0,1550.0,1714867200000,0.0);
INSERT INTO ProductDailyPrice VALUES(3026,900,0,1900.0,1900.0,1714867200000,0.0);
INSERT INTO ProductDailyPrice VALUES(3028,902,0,5500.0,5500.0,1714867200000,0.0);
INSERT INTO ProductDailyPrice VALUES(3029,903,0,3800.0,3800.0,1714867200000,0.0);
INSERT INTO ProductDailyPrice VALUES(3030,904,0,3800.0,3800.0,1714867200000,0.0);
INSERT INTO ProductDailyPrice VALUES(3031,905,0,900.0,900.0,1714867200000,0.0);
INSERT INTO ProductDailyPrice VALUES(3032,906,0,1900.0,1900.0,1714867200000,0.0);
INSERT INTO ProductDailyPrice VALUES(3033,719,1,1560.0,1170.0,1715040000000,0.0);
INSERT INTO ProductDailyPrice VALUES(3034,717,1,589.0,499.0,1715040000000,0.0);
INSERT INTO ProductDailyPrice VALUES(3035,714,0,2545.0,2545.0,1715040000000,0.0);
INSERT INTO ProductDailyPrice VALUES(3036,718,0,1112.0,1112.0,1715040000000,-20.0);
INSERT INTO ProductDailyPrice VALUES(3037,722,0,1649.0,1649.0,1715040000000,0.0);
INSERT INTO ProductDailyPrice VALUES(3038,716,0,1329.0,1329.0,1715040000000,0.0);
INSERT INTO ProductDailyPrice VALUES(3039,720,0,1370.0,1370.0,1715040000000,0.0);
INSERT INTO ProductDailyPrice VALUES(3040,721,1,1550.0,1395.0,1715040000000,0.0);
INSERT INTO ProductDailyPrice VALUES(3041,715,0,1650.0,1650.0,1715040000000,0.0);
INSERT INTO ProductDailyPrice VALUES(3042,713,0,1390.0,1390.0,1715040000000,0.0);
INSERT INTO ProductDailyPrice VALUES(3043,723,0,3289.0,3289.0,1715040000000,0.0);
INSERT INTO ProductDailyPrice VALUES(3044,731,0,1995.0,1995.0,1715040000000,0.0);
INSERT INTO ProductDailyPrice VALUES(3045,729,0,2615.0,2615.0,1715040000000,0.0);
INSERT INTO ProductDailyPrice VALUES(3046,732,0,4080.0,4080.0,1715040000000,0.0);
INSERT INTO ProductDailyPrice VALUES(3047,724,0,5120.0,5120.0,1715040000000,0.0);
INSERT INTO ProductDailyPrice VALUES(3048,725,0,4420.0,4420.0,1715040000000,0.0);
INSERT INTO ProductDailyPrice VALUES(3049,726,0,2610.0,2610.0,1715040000000,0.0);
INSERT INTO ProductDailyPrice VALUES(3050,728,0,3330.0,3330.0,1715040000000,0.0);
INSERT INTO ProductDailyPrice VALUES(3051,727,1,3390.0,3084.90000000000009,1715040000000,0.0);
INSERT INTO ProductDailyPrice VALUES(3052,730,0,879.75,879.75,1715040000000,-15.0);
INSERT INTO ProductDailyPrice VALUES(3053,742,0,1510.0,1510.0,1715040000000,0.0);
INSERT INTO ProductDailyPrice VALUES(3054,741,0,2610.0,2610.0,1715040000000,0.0);
INSERT INTO ProductDailyPrice VALUES(3055,735,0,1339.0,1339.0,1715040000000,0.0);
INSERT INTO ProductDailyPrice VALUES(3056,733,0,2170.0,2170.0,1715040000000,0.0);
INSERT INTO ProductDailyPrice VALUES(3057,737,0,1510.0,1510.0,1715040000000,0.0);
INSERT INTO ProductDailyPrice VALUES(3058,734,1,1690.0,1487.200000000000045,1715040000000,0.0);
INSERT INTO ProductDailyPrice VALUES(3059,738,0,2300.0,2300.0,1715040000000,0.0);
INSERT INTO ProductDailyPrice VALUES(3060,736,0,2360.0,2360.0,1715040000000,0.0);
INSERT INTO ProductDailyPrice VALUES(3061,739,0,3580.0,3580.0,1715040000000,0.0);
INSERT INTO ProductDailyPrice VALUES(3062,740,0,1820.0,1820.0,1715040000000,0.0);
INSERT INTO ProductDailyPrice VALUES(3063,752,0,929.0,929.0,1715040000000,0.0);
INSERT INTO ProductDailyPrice VALUES(3064,747,1,1590.0,1446.90000000000009,1715040000000,0.0);
INSERT INTO ProductDailyPrice VALUES(3065,743,0,3905.0,3905.0,1715040000000,0.0);
INSERT INTO ProductDailyPrice VALUES(3066,744,0,1138.150000000000091,1138.150000000000091,1715040000000,-14.99999999999998935);
INSERT INTO ProductDailyPrice VALUES(3067,749,0,2610.0,2610.0,1715040000000,0.0);
INSERT INTO ProductDailyPrice VALUES(3068,751,0,1290.0,1290.0,1715040000000,0.0);
INSERT INTO ProductDailyPrice VALUES(3069,745,0,3540.0,3540.0,1715040000000,0.0);
INSERT INTO ProductDailyPrice VALUES(3070,746,0,2490.0,2490.0,1715040000000,0.0);
INSERT INTO ProductDailyPrice VALUES(3071,750,0,2360.0,2360.0,1715040000000,0.0);
INSERT INTO ProductDailyPrice VALUES(3072,753,0,1469.0,1469.0,1715040000000,0.0);
INSERT INTO ProductDailyPrice VALUES(3073,760,1,2290.0,2083.90000000000009,1715040000000,0.0);
INSERT INTO ProductDailyPrice VALUES(3074,761,0,4200.0,4200.0,1715040000000,0.0);
INSERT INTO ProductDailyPrice VALUES(3075,758,0,1430.0,1430.0,1715040000000,0.0);
INSERT INTO ProductDailyPrice VALUES(3076,756,0,1359.0,1359.0,1715040000000,0.0);
INSERT INTO ProductDailyPrice VALUES(3077,759,0,1489.0,1489.0,1715040000000,0.0);
INSERT INTO ProductDailyPrice VALUES(3078,755,0,3040.0,3040.0,1715040000000,0.0);
INSERT INTO ProductDailyPrice VALUES(3079,762,0,2170.0,2170.0,1715040000000,0.0);
INSERT INTO ProductDailyPrice VALUES(3080,757,0,3630.0,3630.0,1715040000000,0.0);
INSERT INTO ProductDailyPrice VALUES(3081,754,0,2300.0,2300.0,1715040000000,0.0);
INSERT INTO ProductDailyPrice VALUES(3082,764,0,3230.0,3230.0,1715040000000,0.0);
INSERT INTO ProductDailyPrice VALUES(3083,770,0,2769.0,2769.0,1715040000000,0.0);
INSERT INTO ProductDailyPrice VALUES(3084,763,0,990.0,990.0,1715040000000,0.0);
INSERT INTO ProductDailyPrice VALUES(3085,772,0,3280.0,3280.0,1715040000000,0.0);
INSERT INTO ProductDailyPrice VALUES(3086,767,0,1210.0,1210.0,1715040000000,0.0);
INSERT INTO ProductDailyPrice VALUES(3087,765,0,3200.0,3200.0,1715040000000,0.0);
INSERT INTO ProductDailyPrice VALUES(3088,766,0,1630.0,1630.0,1715040000000,0.0);
INSERT INTO ProductDailyPrice VALUES(3089,771,0,1450.0,1450.0,1715040000000,0.0);
INSERT INTO ProductDailyPrice VALUES(3090,768,0,2200.0,2200.0,1715040000000,0.0);
INSERT INTO ProductDailyPrice VALUES(3091,782,0,3149.0,3149.0,1715040000000,0.0);
INSERT INTO ProductDailyPrice VALUES(3092,773,0,3330.0,3330.0,1715040000000,0.0);
INSERT INTO ProductDailyPrice VALUES(3093,778,0,3370.0,3370.0,1715040000000,0.0);
INSERT INTO ProductDailyPrice VALUES(3094,776,1,2290.0,2083.90000000000009,1715040000000,0.0);
INSERT INTO ProductDailyPrice VALUES(3095,781,0,1950.0,1950.0,1715040000000,0.0);
INSERT INTO ProductDailyPrice VALUES(3096,780,0,2870.0,2870.0,1715040000000,0.0);
INSERT INTO ProductDailyPrice VALUES(3097,777,0,859.0,859.0,1715040000000,0.0);
INSERT INTO ProductDailyPrice VALUES(3098,774,0,1733.15000000000009,1733.15000000000009,1715040000000,-15.0);
INSERT INTO ProductDailyPrice VALUES(3099,775,1,1200.0,849.0,1715040000000,41.34275618374559257);
INSERT INTO ProductDailyPrice VALUES(3100,779,0,3330.0,3330.0,1715040000000,0.0);
INSERT INTO ProductDailyPrice VALUES(3101,791,0,2095.0,2095.0,1715040000000,0.0);
INSERT INTO ProductDailyPrice VALUES(3102,787,0,1629.0,1629.0,1715040000000,0.0);
INSERT INTO ProductDailyPrice VALUES(3103,788,0,949.0,949.0,1715040000000,0.0);
INSERT INTO ProductDailyPrice VALUES(3104,790,1,1390.0,1292.700000000000045,1715040000000,0.0);
INSERT INTO ProductDailyPrice VALUES(3105,784,0,2030.0,2030.0,1715040000000,0.0);
INSERT INTO ProductDailyPrice VALUES(3106,792,1,4975.0,3731.25,1715040000000,0.0);
INSERT INTO ProductDailyPrice VALUES(3107,786,0,1989.0,1989.0,1715040000000,0.0);
INSERT INTO ProductDailyPrice VALUES(3108,789,0,2165.0,2165.0,1715040000000,0.0);
INSERT INTO ProductDailyPrice VALUES(3109,785,0,990.0,990.0,1715040000000,0.0);
INSERT INTO ProductDailyPrice VALUES(3110,783,0,3905.0,3905.0,1715040000000,0.0);
INSERT INTO ProductDailyPrice VALUES(3111,796,0,1705.0,1705.0,1715040000000,0.0);
INSERT INTO ProductDailyPrice VALUES(3112,793,0,4500.0,4500.0,1715040000000,0.0);
INSERT INTO ProductDailyPrice VALUES(3113,799,0,2250.0,2250.0,1715040000000,0.0);
INSERT INTO ProductDailyPrice VALUES(3114,800,1,3499.0,2624.25,1715040000000,0.0);
INSERT INTO ProductDailyPrice VALUES(3115,797,0,1050.0,1050.0,1715040000000,0.0);
INSERT INTO ProductDailyPrice VALUES(3116,801,1,4975.0,3731.25,1715040000000,0.0);
INSERT INTO ProductDailyPrice VALUES(3117,802,0,2449.0,2449.0,1715040000000,0.0);
INSERT INTO ProductDailyPrice VALUES(3118,798,0,1905.0,1905.0,1715040000000,0.0);
INSERT INTO ProductDailyPrice VALUES(3119,795,0,1450.0,1450.0,1715040000000,0.0);
INSERT INTO ProductDailyPrice VALUES(3120,806,0,2100.0,2100.0,1715040000000,0.0);
INSERT INTO ProductDailyPrice VALUES(3121,807,0,999.0,999.0,1715040000000,-44.18994413407821042);
INSERT INTO ProductDailyPrice VALUES(3122,809,0,1839.0,1839.0,1715040000000,0.0);
INSERT INTO ProductDailyPrice VALUES(3123,803,0,1899.0,1899.0,1715040000000,0.0);
INSERT INTO ProductDailyPrice VALUES(3124,811,0,1099.0,1099.0,1715040000000,0.0);
INSERT INTO ProductDailyPrice VALUES(3125,812,1,3900.0,2199.0,1715040000000,77.35334242837653562);
INSERT INTO ProductDailyPrice VALUES(3126,808,0,2280.0,2280.0,1715040000000,0.0);
INSERT INTO ProductDailyPrice VALUES(3127,804,0,725.0,725.0,1715040000000,0.0);
INSERT INTO ProductDailyPrice VALUES(3128,805,0,4500.0,4500.0,1715040000000,0.0);
INSERT INTO ProductDailyPrice VALUES(3129,810,1,6890.0,6407.699999999999819,1715040000000,0.0);
INSERT INTO ProductDailyPrice VALUES(3130,815,0,7315.0,7315.0,1715040000000,0.0);
INSERT INTO ProductDailyPrice VALUES(3131,820,0,790.0,790.0,1715040000000,0.0);
INSERT INTO ProductDailyPrice VALUES(3132,814,0,2950.0,2950.0,1715040000000,0.0);
INSERT INTO ProductDailyPrice VALUES(3133,818,1,1390.0,1292.700000000000045,1715040000000,0.0);
INSERT INTO ProductDailyPrice VALUES(3134,817,0,2725.0,2725.0,1715040000000,0.0);
INSERT INTO ProductDailyPrice VALUES(3135,816,0,3860.0,3860.0,1715040000000,0.0);
INSERT INTO ProductDailyPrice VALUES(3136,819,0,1590.0,1590.0,1715040000000,0.0);
INSERT INTO ProductDailyPrice VALUES(3137,822,0,1500.0,1500.0,1715040000000,0.0);
INSERT INTO ProductDailyPrice VALUES(3138,813,0,2335.0,2335.0,1715040000000,0.0);
INSERT INTO ProductDailyPrice VALUES(3139,821,0,2079.0,2079.0,1715040000000,0.0);
INSERT INTO ProductDailyPrice VALUES(3140,825,0,2005.0,2005.0,1715040000000,0.0);
INSERT INTO ProductDailyPrice VALUES(3141,827,0,1905.0,1905.0,1715040000000,0.0);
INSERT INTO ProductDailyPrice VALUES(3142,823,0,2110.0,2110.0,1715040000000,0.0);
INSERT INTO ProductDailyPrice VALUES(3143,829,1,2440.0,1890.0,1715040000000,0.0);
INSERT INTO ProductDailyPrice VALUES(3144,828,0,2725.0,2725.0,1715040000000,0.0);
INSERT INTO ProductDailyPrice VALUES(3145,830,0,3900.0,3900.0,1715040000000,0.0);
INSERT INTO ProductDailyPrice VALUES(3146,824,0,2210.0,2210.0,1715040000000,0.0);
INSERT INTO ProductDailyPrice VALUES(3147,832,0,2695.0,2695.0,1715040000000,0.0);
INSERT INTO ProductDailyPrice VALUES(3148,831,0,1500.0,1500.0,1715040000000,0.0);
INSERT INTO ProductDailyPrice VALUES(3149,826,0,2725.0,2725.0,1715040000000,0.0);
INSERT INTO ProductDailyPrice VALUES(3150,840,0,3595.0,3595.0,1715040000000,0.0);
INSERT INTO ProductDailyPrice VALUES(3151,837,0,2490.0,2490.0,1715040000000,0.0);
INSERT INTO ProductDailyPrice VALUES(3152,834,1,6890.0,6201.0,1715040000000,0.0);
INSERT INTO ProductDailyPrice VALUES(3153,836,0,5090.0,5090.0,1715040000000,0.0);
INSERT INTO ProductDailyPrice VALUES(3154,838,0,2490.0,2490.0,1715040000000,0.0);
INSERT INTO ProductDailyPrice VALUES(3155,839,0,2295.0,2295.0,1715040000000,0.0);
INSERT INTO ProductDailyPrice VALUES(3156,835,0,1910.0,1910.0,1715040000000,0.0);
INSERT INTO ProductDailyPrice VALUES(3157,842,0,2219.0,2219.0,1715040000000,0.0);
INSERT INTO ProductDailyPrice VALUES(3158,833,0,2295.0,2295.0,1715040000000,0.0);
INSERT INTO ProductDailyPrice VALUES(3159,841,0,5090.0,5090.0,1715040000000,0.0);
INSERT INTO ProductDailyPrice VALUES(3160,846,0,1010.0,1010.0,1715040000000,0.0);
INSERT INTO ProductDailyPrice VALUES(3161,845,0,6975.0,6975.0,1715040000000,0.0);
INSERT INTO ProductDailyPrice VALUES(3162,852,0,2190.0,2190.0,1715040000000,0.0);
INSERT INTO ProductDailyPrice VALUES(3163,848,0,1279.0,1279.0,1715040000000,-44.5119305856833023);
INSERT INTO ProductDailyPrice VALUES(3164,849,0,4190.0,4190.0,1715040000000,0.0);
INSERT INTO ProductDailyPrice VALUES(3165,843,0,7315.0,7315.0,1715040000000,0.0);
INSERT INTO ProductDailyPrice VALUES(3166,847,0,7500.0,7500.0,1715040000000,0.0);
INSERT INTO ProductDailyPrice VALUES(3167,851,0,1790.0,1790.0,1715040000000,0.0);
INSERT INTO ProductDailyPrice VALUES(3168,844,1,6990.0,6291.0,1715040000000,0.0);
INSERT INTO ProductDailyPrice VALUES(3169,850,0,775.0,775.0,1715040000000,0.0);
INSERT INTO ProductDailyPrice VALUES(3170,857,0,990.0,990.0,1715040000000,0.0);
INSERT INTO ProductDailyPrice VALUES(3171,862,0,4779.0,4779.0,1715040000000,0.0);
INSERT INTO ProductDailyPrice VALUES(3172,855,0,7490.0,7490.0,1715040000000,0.0);
INSERT INTO ProductDailyPrice VALUES(3173,854,0,1560.0,1560.0,1715040000000,0.0);
INSERT INTO ProductDailyPrice VALUES(3174,860,0,4779.0,4779.0,1715040000000,0.0);
INSERT INTO ProductDailyPrice VALUES(3175,856,1,4000.0,2699.0,1715040000000,48.20303816228233273);
INSERT INTO ProductDailyPrice VALUES(3176,858,0,1555.0,1555.0,1715040000000,0.0);
INSERT INTO ProductDailyPrice VALUES(3177,853,0,2950.0,2950.0,1715040000000,0.0);
INSERT INTO ProductDailyPrice VALUES(3178,859,0,2500.0,2500.0,1715040000000,0.0);
INSERT INTO ProductDailyPrice VALUES(3179,861,0,4890.0,4890.0,1715040000000,0.0);
INSERT INTO ProductDailyPrice VALUES(3180,870,0,2290.0,2290.0,1715040000000,0.0);
INSERT INTO ProductDailyPrice VALUES(3181,864,1,2670.0,1990.0,1715040000000,0.0);
INSERT INTO ProductDailyPrice VALUES(3182,865,1,3800.0,1999.0,1715040000000,90.09504752376187753);
INSERT INTO ProductDailyPrice VALUES(3183,869,0,1590.0,1590.0,1715040000000,0.0);
INSERT INTO ProductDailyPrice VALUES(3184,868,0,7000.0,7000.0,1715040000000,0.0);
INSERT INTO ProductDailyPrice VALUES(3185,867,1,1990.0,1250.0,1715040000000,0.0);
INSERT INTO ProductDailyPrice VALUES(3186,872,0,3790.0,3790.0,1715040000000,0.0);
INSERT INTO ProductDailyPrice VALUES(3187,866,0,2490.0,2490.0,1715040000000,0.0);
INSERT INTO ProductDailyPrice VALUES(3188,871,0,799.0,799.0,1715040000000,0.0);
INSERT INTO ProductDailyPrice VALUES(3189,874,0,2965.0,2965.0,1715040000000,0.0);
INSERT INTO ProductDailyPrice VALUES(3190,878,0,6390.0,6390.0,1715040000000,0.0);
INSERT INTO ProductDailyPrice VALUES(3191,876,0,3350.0,3350.0,1715040000000,0.0);
INSERT INTO ProductDailyPrice VALUES(3192,881,1,3980.0,3090.0,1715040000000,0.0);
INSERT INTO ProductDailyPrice VALUES(3193,877,0,15900.0,15900.0,1715040000000,0.0);
INSERT INTO ProductDailyPrice VALUES(3194,880,0,19900.0,19900.0,1715040000000,0.0);
INSERT INTO ProductDailyPrice VALUES(3195,882,0,5445.0,5445.0,1715040000000,0.0);
INSERT INTO ProductDailyPrice VALUES(3196,875,0,1890.0,1890.0,1715040000000,0.0);
INSERT INTO ProductDailyPrice VALUES(3197,879,0,900.0,900.0,1715040000000,0.0);
INSERT INTO ProductDailyPrice VALUES(3198,873,0,2400.0,2400.0,1715040000000,0.0);
INSERT INTO ProductDailyPrice VALUES(3199,883,0,1565.0,1565.0,1715040000000,0.0);
INSERT INTO ProductDailyPrice VALUES(3200,891,1,4180.0,3290.0,1715040000000,0.0);
INSERT INTO ProductDailyPrice VALUES(3201,887,0,4790.0,4790.0,1715040000000,0.0);
INSERT INTO ProductDailyPrice VALUES(3202,892,0,4175.0,4175.0,1715040000000,0.0);
INSERT INTO ProductDailyPrice VALUES(3203,884,0,7315.0,7315.0,1715040000000,0.0);
INSERT INTO ProductDailyPrice VALUES(3204,886,0,5175.0,5175.0,1715040000000,0.0);
INSERT INTO ProductDailyPrice VALUES(3205,890,0,2390.0,2390.0,1715040000000,0.0);
INSERT INTO ProductDailyPrice VALUES(3206,888,0,6500.0,6500.0,1715040000000,0.0);
INSERT INTO ProductDailyPrice VALUES(3207,889,0,2500.0,2500.0,1715040000000,0.0);
INSERT INTO ProductDailyPrice VALUES(3208,885,0,2739.0,2739.0,1715040000000,0.0);
INSERT INTO ProductDailyPrice VALUES(3209,893,0,13900.0,13900.0,1715040000000,0.0);
INSERT INTO ProductDailyPrice VALUES(3210,896,0,3020.0,3020.0,1715040000000,0.0);
INSERT INTO ProductDailyPrice VALUES(3211,899,0,1550.0,1550.0,1715040000000,0.0);
INSERT INTO ProductDailyPrice VALUES(3212,898,0,4300.0,4300.0,1715040000000,0.0);
INSERT INTO ProductDailyPrice VALUES(3213,894,0,4790.0,4790.0,1715040000000,0.0);
INSERT INTO ProductDailyPrice VALUES(3214,895,0,4500.0,4500.0,1715040000000,0.0);
INSERT INTO ProductDailyPrice VALUES(3215,900,0,1900.0,1900.0,1715040000000,0.0);
INSERT INTO ProductDailyPrice VALUES(3216,902,0,5500.0,5500.0,1715040000000,0.0);
INSERT INTO ProductDailyPrice VALUES(3217,906,0,1900.0,1900.0,1715040000000,0.0);
INSERT INTO ProductDailyPrice VALUES(3218,904,0,3800.0,3800.0,1715040000000,0.0);
INSERT INTO ProductDailyPrice VALUES(3219,905,0,900.0,900.0,1715040000000,0.0);
INSERT INTO ProductDailyPrice VALUES(3220,903,0,3800.0,3800.0,1715040000000,0.0);
INSERT INTO ProductDailyPrice VALUES(3221,717,0,589.0,589.0,1715126400000,0.0);
INSERT INTO ProductDailyPrice VALUES(3222,713,0,1390.0,1390.0,1715126400000,0.0);
INSERT INTO ProductDailyPrice VALUES(3223,718,1,1390.0,1112.0,1715126400000,25.0);
INSERT INTO ProductDailyPrice VALUES(3224,715,0,1250.0,1250.0,1715126400000,-24.24242424242423865);
INSERT INTO ProductDailyPrice VALUES(3225,719,0,1560.0,1560.0,1715126400000,0.0);
INSERT INTO ProductDailyPrice VALUES(3226,722,0,1649.0,1649.0,1715126400000,0.0);
INSERT INTO ProductDailyPrice VALUES(3227,721,1,1550.0,1395.0,1715126400000,0.0);
INSERT INTO ProductDailyPrice VALUES(3228,720,0,1370.0,1370.0,1715126400000,0.0);
INSERT INTO ProductDailyPrice VALUES(3229,716,0,1329.0,1329.0,1715126400000,0.0);
INSERT INTO ProductDailyPrice VALUES(3230,714,0,2545.0,2545.0,1715126400000,0.0);
INSERT INTO ProductDailyPrice VALUES(3231,728,0,3330.0,3330.0,1715126400000,0.0);
INSERT INTO ProductDailyPrice VALUES(3232,725,0,4420.0,4420.0,1715126400000,0.0);
INSERT INTO ProductDailyPrice VALUES(3233,732,0,4080.0,4080.0,1715126400000,0.0);
INSERT INTO ProductDailyPrice VALUES(3234,726,1,2610.0,1957.5,1715126400000,0.0);
INSERT INTO ProductDailyPrice VALUES(3235,730,1,879.75,659.8099999999999454,1715126400000,0.0);
INSERT INTO ProductDailyPrice VALUES(3236,724,1,5120.0,3840.0,1715126400000,0.0);
INSERT INTO ProductDailyPrice VALUES(3237,727,1,3390.0,3084.90000000000009,1715126400000,0.0);
INSERT INTO ProductDailyPrice VALUES(3238,731,0,1995.0,1995.0,1715126400000,0.0);
INSERT INTO ProductDailyPrice VALUES(3239,723,0,3289.0,3289.0,1715126400000,0.0);
INSERT INTO ProductDailyPrice VALUES(3240,729,0,2615.0,2615.0,1715126400000,0.0);
INSERT INTO ProductDailyPrice VALUES(3241,741,1,2610.0,1957.5,1715126400000,0.0);
INSERT INTO ProductDailyPrice VALUES(3242,736,1,2360.0,1770.0,1715126400000,0.0);
INSERT INTO ProductDailyPrice VALUES(3243,733,0,2170.0,2170.0,1715126400000,0.0);
INSERT INTO ProductDailyPrice VALUES(3244,739,0,3580.0,3580.0,1715126400000,0.0);
INSERT INTO ProductDailyPrice VALUES(3245,735,0,1339.0,1339.0,1715126400000,0.0);
INSERT INTO ProductDailyPrice VALUES(3246,740,0,1820.0,1820.0,1715126400000,0.0);
INSERT INTO ProductDailyPrice VALUES(3247,734,1,1690.0,1487.200000000000045,1715126400000,0.0);
INSERT INTO ProductDailyPrice VALUES(3248,738,1,2300.0,1725.0,1715126400000,0.0);
INSERT INTO ProductDailyPrice VALUES(3249,737,0,1510.0,1510.0,1715126400000,0.0);
INSERT INTO ProductDailyPrice VALUES(3250,742,0,1510.0,1510.0,1715126400000,0.0);
INSERT INTO ProductDailyPrice VALUES(3251,749,1,2610.0,1957.5,1715126400000,0.0);
INSERT INTO ProductDailyPrice VALUES(3252,751,0,1290.0,1290.0,1715126400000,0.0);
INSERT INTO ProductDailyPrice VALUES(3253,745,0,3540.0,3540.0,1715126400000,0.0);
INSERT INTO ProductDailyPrice VALUES(3254,743,0,3905.0,3905.0,1715126400000,0.0);
INSERT INTO ProductDailyPrice VALUES(3255,748,0,1850.0,1850.0,1715126400000,0.1803245842516489895);
INSERT INTO ProductDailyPrice VALUES(3256,744,1,1339.0,1138.150000000000091,1715126400000,17.6470588235293988);
INSERT INTO ProductDailyPrice VALUES(3257,752,1,929.0,603.8500000000000227,1715126400000,0.0);
INSERT INTO ProductDailyPrice VALUES(3258,746,0,2490.0,2490.0,1715126400000,0.0);
INSERT INTO ProductDailyPrice VALUES(3259,747,1,1590.0,1446.90000000000009,1715126400000,0.0);
INSERT INTO ProductDailyPrice VALUES(3260,750,1,2360.0,1770.0,1715126400000,0.0);
INSERT INTO ProductDailyPrice VALUES(3261,760,1,2290.0,2083.90000000000009,1715126400000,0.0);
INSERT INTO ProductDailyPrice VALUES(3262,755,0,3040.0,3040.0,1715126400000,0.0);
INSERT INTO ProductDailyPrice VALUES(3263,758,0,1430.0,1430.0,1715126400000,0.0);
INSERT INTO ProductDailyPrice VALUES(3264,759,0,1489.0,1489.0,1715126400000,0.0);
INSERT INTO ProductDailyPrice VALUES(3265,757,0,3630.0,3630.0,1715126400000,0.0);
INSERT INTO ProductDailyPrice VALUES(3266,753,0,1469.0,1469.0,1715126400000,0.0);
INSERT INTO ProductDailyPrice VALUES(3267,756,0,1359.0,1359.0,1715126400000,0.0);
INSERT INTO ProductDailyPrice VALUES(3268,762,0,2170.0,2170.0,1715126400000,0.0);
INSERT INTO ProductDailyPrice VALUES(3269,754,1,2300.0,1725.0,1715126400000,0.0);
INSERT INTO ProductDailyPrice VALUES(3270,761,0,4200.0,4200.0,1715126400000,0.0);
INSERT INTO ProductDailyPrice VALUES(3271,772,0,3280.0,3280.0,1715126400000,0.0);
INSERT INTO ProductDailyPrice VALUES(3272,768,1,2200.0,1430.0,1715126400000,0.0);
INSERT INTO ProductDailyPrice VALUES(3273,767,1,1210.0,907.5,1715126400000,0.0);
INSERT INTO ProductDailyPrice VALUES(3274,766,0,1630.0,1630.0,1715126400000,0.0);
INSERT INTO ProductDailyPrice VALUES(3275,771,1,1450.0,1087.5,1715126400000,0.0);
INSERT INTO ProductDailyPrice VALUES(3276,764,0,3230.0,3230.0,1715126400000,0.0);
INSERT INTO ProductDailyPrice VALUES(3277,763,1,990.0,890.0,1715126400000,0.0);
INSERT INTO ProductDailyPrice VALUES(3278,770,0,2769.0,2769.0,1715126400000,0.0);
INSERT INTO ProductDailyPrice VALUES(3279,765,0,3200.0,3200.0,1715126400000,0.0);
INSERT INTO ProductDailyPrice VALUES(3280,774,0,2039.0,2039.0,1715126400000,17.64705882352940947);
INSERT INTO ProductDailyPrice VALUES(3281,780,0,2870.0,2870.0,1715126400000,0.0);
INSERT INTO ProductDailyPrice VALUES(3282,777,0,859.0,859.0,1715126400000,0.0);
INSERT INTO ProductDailyPrice VALUES(3283,776,1,2290.0,2083.90000000000009,1715126400000,0.0);
INSERT INTO ProductDailyPrice VALUES(3284,781,0,1950.0,1950.0,1715126400000,0.0);
INSERT INTO ProductDailyPrice VALUES(3285,779,0,3330.0,3330.0,1715126400000,0.0);
INSERT INTO ProductDailyPrice VALUES(3286,775,0,1200.0,1200.0,1715126400000,0.0);
INSERT INTO ProductDailyPrice VALUES(3287,782,0,3149.0,3149.0,1715126400000,0.0);
INSERT INTO ProductDailyPrice VALUES(3288,778,0,3370.0,3370.0,1715126400000,0.0);
INSERT INTO ProductDailyPrice VALUES(3289,788,1,949.0,616.8500000000000227,1715126400000,0.0);
INSERT INTO ProductDailyPrice VALUES(3290,791,1,2095.0,1361.75,1715126400000,0.0);
INSERT INTO ProductDailyPrice VALUES(3291,792,0,4975.0,4975.0,1715126400000,0.0);
INSERT INTO ProductDailyPrice VALUES(3292,785,0,990.0,990.0,1715126400000,0.0);
INSERT INTO ProductDailyPrice VALUES(3293,786,0,1989.0,1989.0,1715126400000,0.0);
INSERT INTO ProductDailyPrice VALUES(3294,783,0,3905.0,3905.0,1715126400000,0.0);
INSERT INTO ProductDailyPrice VALUES(3295,790,1,1390.0,1292.700000000000045,1715126400000,0.0);
INSERT INTO ProductDailyPrice VALUES(3296,789,0,2165.0,2165.0,1715126400000,0.0);
INSERT INTO ProductDailyPrice VALUES(3297,784,1,2030.0,1522.5,1715126400000,0.0);
INSERT INTO ProductDailyPrice VALUES(3298,787,0,1629.0,1629.0,1715126400000,0.0);
INSERT INTO ProductDailyPrice VALUES(3299,797,0,1050.0,1050.0,1715126400000,0.0);
INSERT INTO ProductDailyPrice VALUES(3300,800,0,3499.0,3499.0,1715126400000,0.0);
INSERT INTO ProductDailyPrice VALUES(3301,796,0,1705.0,1705.0,1715126400000,0.0);
INSERT INTO ProductDailyPrice VALUES(3302,795,1,1450.0,1087.5,1715126400000,0.0);
INSERT INTO ProductDailyPrice VALUES(3303,801,0,4975.0,4975.0,1715126400000,0.0);
INSERT INTO ProductDailyPrice VALUES(3304,798,0,1905.0,1905.0,1715126400000,0.0);
INSERT INTO ProductDailyPrice VALUES(3305,793,0,4500.0,4500.0,1715126400000,0.0);
INSERT INTO ProductDailyPrice VALUES(3306,802,0,2449.0,2449.0,1715126400000,0.0);
INSERT INTO ProductDailyPrice VALUES(3307,799,0,2250.0,2250.0,1715126400000,0.0);
INSERT INTO ProductDailyPrice VALUES(3308,812,0,3900.0,3900.0,1715126400000,0.0);
INSERT INTO ProductDailyPrice VALUES(3309,809,0,1839.0,1839.0,1715126400000,0.0);
INSERT INTO ProductDailyPrice VALUES(3310,804,0,725.0,725.0,1715126400000,0.0);
INSERT INTO ProductDailyPrice VALUES(3311,808,0,2280.0,2280.0,1715126400000,0.0);
INSERT INTO ProductDailyPrice VALUES(3312,805,0,4500.0,4500.0,1715126400000,0.0);
INSERT INTO ProductDailyPrice VALUES(3313,811,0,1099.0,1099.0,1715126400000,0.0);
INSERT INTO ProductDailyPrice VALUES(3314,807,0,1190.0,1190.0,1715126400000,19.11911911911911943);
INSERT INTO ProductDailyPrice VALUES(3315,810,1,6890.0,6407.699999999999819,1715126400000,0.0);
INSERT INTO ProductDailyPrice VALUES(3316,803,0,1899.0,1899.0,1715126400000,0.0);
INSERT INTO ProductDailyPrice VALUES(3317,806,1,2100.0,1365.0,1715126400000,0.0);
INSERT INTO ProductDailyPrice VALUES(3318,813,0,2335.0,2335.0,1715126400000,0.0);
INSERT INTO ProductDailyPrice VALUES(3319,822,0,1500.0,1500.0,1715126400000,0.0);
INSERT INTO ProductDailyPrice VALUES(3320,814,0,2950.0,2950.0,1715126400000,0.0);
INSERT INTO ProductDailyPrice VALUES(3321,818,1,1390.0,1292.700000000000045,1715126400000,0.0);
INSERT INTO ProductDailyPrice VALUES(3322,820,0,790.0,790.0,1715126400000,0.0);
INSERT INTO ProductDailyPrice VALUES(3323,815,0,7315.0,7315.0,1715126400000,0.0);
INSERT INTO ProductDailyPrice VALUES(3324,821,0,2079.0,2079.0,1715126400000,0.0);
INSERT INTO ProductDailyPrice VALUES(3325,819,0,1590.0,1590.0,1715126400000,0.0);
INSERT INTO ProductDailyPrice VALUES(3326,817,0,2725.0,2725.0,1715126400000,0.0);
INSERT INTO ProductDailyPrice VALUES(3327,816,1,3860.0,2895.0,1715126400000,0.0);
INSERT INTO ProductDailyPrice VALUES(3328,831,0,1500.0,1500.0,1715126400000,0.0);
INSERT INTO ProductDailyPrice VALUES(3329,824,0,2210.0,2210.0,1715126400000,0.0);
INSERT INTO ProductDailyPrice VALUES(3330,829,1,2440.0,1890.0,1715126400000,0.0);
INSERT INTO ProductDailyPrice VALUES(3331,826,0,2725.0,2725.0,1715126400000,0.0);
INSERT INTO ProductDailyPrice VALUES(3332,832,0,2695.0,2695.0,1715126400000,0.0);
INSERT INTO ProductDailyPrice VALUES(3333,827,0,1905.0,1905.0,1715126400000,0.0);
INSERT INTO ProductDailyPrice VALUES(3334,825,0,2005.0,2005.0,1715126400000,0.0);
INSERT INTO ProductDailyPrice VALUES(3335,823,0,2110.0,2110.0,1715126400000,0.0);
INSERT INTO ProductDailyPrice VALUES(3336,828,0,2725.0,2725.0,1715126400000,0.0);
INSERT INTO ProductDailyPrice VALUES(3337,830,0,3900.0,3900.0,1715126400000,0.0);
INSERT INTO ProductDailyPrice VALUES(3338,839,0,2295.0,2295.0,1715126400000,0.0);
INSERT INTO ProductDailyPrice VALUES(3339,833,0,2295.0,2295.0,1715126400000,0.0);
INSERT INTO ProductDailyPrice VALUES(3340,842,0,2219.0,2219.0,1715126400000,0.0);
INSERT INTO ProductDailyPrice VALUES(3341,841,0,5090.0,5090.0,1715126400000,0.0);
INSERT INTO ProductDailyPrice VALUES(3342,840,0,3595.0,3595.0,1715126400000,0.0);
INSERT INTO ProductDailyPrice VALUES(3343,838,0,2490.0,2490.0,1715126400000,0.0);
INSERT INTO ProductDailyPrice VALUES(3344,834,1,6890.0,6201.0,1715126400000,0.0);
INSERT INTO ProductDailyPrice VALUES(3345,837,0,2490.0,2490.0,1715126400000,0.0);
INSERT INTO ProductDailyPrice VALUES(3346,836,0,5090.0,5090.0,1715126400000,0.0);
INSERT INTO ProductDailyPrice VALUES(3347,835,0,1910.0,1910.0,1715126400000,0.0);
INSERT INTO ProductDailyPrice VALUES(3348,843,0,7315.0,7315.0,1715126400000,0.0);
INSERT INTO ProductDailyPrice VALUES(3349,845,1,6975.0,5928.75,1715126400000,0.0);
INSERT INTO ProductDailyPrice VALUES(3350,844,1,6990.0,6291.0,1715126400000,0.0);
INSERT INTO ProductDailyPrice VALUES(3351,849,0,4190.0,4190.0,1715126400000,0.0);
INSERT INTO ProductDailyPrice VALUES(3352,847,0,7500.0,7500.0,1715126400000,0.0);
INSERT INTO ProductDailyPrice VALUES(3353,850,0,775.0,775.0,1715126400000,0.0);
INSERT INTO ProductDailyPrice VALUES(3354,851,0,1790.0,1790.0,1715126400000,0.0);
INSERT INTO ProductDailyPrice VALUES(3355,852,0,2190.0,2190.0,1715126400000,0.0);
INSERT INTO ProductDailyPrice VALUES(3356,846,0,1010.0,1010.0,1715126400000,0.0);
INSERT INTO ProductDailyPrice VALUES(3357,860,0,4779.0,4779.0,1715126400000,0.0);
INSERT INTO ProductDailyPrice VALUES(3358,857,0,990.0,990.0,1715126400000,0.0);
INSERT INTO ProductDailyPrice VALUES(3359,862,0,4779.0,4779.0,1715126400000,0.0);
INSERT INTO ProductDailyPrice VALUES(3360,854,0,1560.0,1560.0,1715126400000,0.0);
INSERT INTO ProductDailyPrice VALUES(3361,853,0,2950.0,2950.0,1715126400000,0.0);
INSERT INTO ProductDailyPrice VALUES(3362,861,0,4890.0,4890.0,1715126400000,0.0);
INSERT INTO ProductDailyPrice VALUES(3363,859,0,3200.0,3200.0,1715126400000,28.0);
INSERT INTO ProductDailyPrice VALUES(3364,858,0,1555.0,1555.0,1715126400000,0.0);
INSERT INTO ProductDailyPrice VALUES(3365,856,1,4000.0,2400.0,1715126400000,0.0);
INSERT INTO ProductDailyPrice VALUES(3366,855,0,7490.0,7490.0,1715126400000,0.0);
INSERT INTO ProductDailyPrice VALUES(3367,865,0,3800.0,3800.0,1715126400000,0.0);
INSERT INTO ProductDailyPrice VALUES(3368,869,0,1590.0,1590.0,1715126400000,0.0);
INSERT INTO ProductDailyPrice VALUES(3369,870,0,2290.0,2290.0,1715126400000,0.0);
INSERT INTO ProductDailyPrice VALUES(3370,866,0,2490.0,2490.0,1715126400000,0.0);
INSERT INTO ProductDailyPrice VALUES(3371,863,0,10500.0,10500.0,1715126400000,0.0);
INSERT INTO ProductDailyPrice VALUES(3372,867,0,1990.0,1990.0,1715126400000,0.0);
INSERT INTO ProductDailyPrice VALUES(3373,864,1,2670.0,1990.0,1715126400000,0.0);
INSERT INTO ProductDailyPrice VALUES(3374,868,0,7000.0,7000.0,1715126400000,0.0);
INSERT INTO ProductDailyPrice VALUES(3375,871,0,1000.0,1000.0,1715126400000,25.15644555694618134);
INSERT INTO ProductDailyPrice VALUES(3376,873,0,3000.0,3000.0,1715126400000,25.0);
INSERT INTO ProductDailyPrice VALUES(3377,877,0,15900.0,15900.0,1715126400000,0.0);
INSERT INTO ProductDailyPrice VALUES(3378,881,1,3980.0,3090.0,1715126400000,0.0);
INSERT INTO ProductDailyPrice VALUES(3379,874,1,2965.0,2520.25,1715126400000,0.0);
INSERT INTO ProductDailyPrice VALUES(3380,880,0,19900.0,19900.0,1715126400000,0.0);
INSERT INTO ProductDailyPrice VALUES(3381,878,0,6390.0,6390.0,1715126400000,0.0);
INSERT INTO ProductDailyPrice VALUES(3382,876,0,3350.0,3350.0,1715126400000,0.0);
INSERT INTO ProductDailyPrice VALUES(3383,879,0,900.0,900.0,1715126400000,0.0);
INSERT INTO ProductDailyPrice VALUES(3384,875,0,1890.0,1890.0,1715126400000,0.0);
INSERT INTO ProductDailyPrice VALUES(3385,882,0,5445.0,5445.0,1715126400000,0.0);
INSERT INTO ProductDailyPrice VALUES(3386,887,0,4790.0,4790.0,1715126400000,0.0);
INSERT INTO ProductDailyPrice VALUES(3387,891,1,4180.0,3290.0,1715126400000,0.0);
INSERT INTO ProductDailyPrice VALUES(3388,886,0,5175.0,5175.0,1715126400000,0.0);
INSERT INTO ProductDailyPrice VALUES(3389,885,0,3500.0,3500.0,1715126400000,27.78386272362175902);
INSERT INTO ProductDailyPrice VALUES(3390,883,1,1565.0,1173.75,1715126400000,0.0);
INSERT INTO ProductDailyPrice VALUES(3391,892,0,4175.0,4175.0,1715126400000,0.0);
INSERT INTO ProductDailyPrice VALUES(3392,890,0,2390.0,2390.0,1715126400000,0.0);
INSERT INTO ProductDailyPrice VALUES(3393,889,0,2500.0,2500.0,1715126400000,0.0);
INSERT INTO ProductDailyPrice VALUES(3394,888,0,6500.0,6500.0,1715126400000,0.0);
INSERT INTO ProductDailyPrice VALUES(3395,896,1,3020.0,2567.0,1715126400000,0.0);
INSERT INTO ProductDailyPrice VALUES(3396,893,0,13900.0,13900.0,1715126400000,0.0);
INSERT INTO ProductDailyPrice VALUES(3397,894,0,4790.0,4790.0,1715126400000,0.0);
INSERT INTO ProductDailyPrice VALUES(3398,903,0,3800.0,3800.0,1715126400000,0.0);
INSERT INTO ProductDailyPrice VALUES(3399,898,0,4300.0,4300.0,1715126400000,0.0);
INSERT INTO ProductDailyPrice VALUES(3400,902,0,5500.0,5500.0,1715126400000,0.0);
INSERT INTO ProductDailyPrice VALUES(3401,900,0,1900.0,1900.0,1715126400000,0.0);
INSERT INTO ProductDailyPrice VALUES(3402,899,0,1550.0,1550.0,1715126400000,0.0);
INSERT INTO ProductDailyPrice VALUES(3403,897,0,4200.0,4200.0,1715126400000,0.0);
INSERT INTO ProductDailyPrice VALUES(3404,904,0,3800.0,3800.0,1715126400000,0.0);
INSERT INTO ProductDailyPrice VALUES(3405,905,0,900.0,900.0,1715126400000,0.0);
INSERT INTO ProductDailyPrice VALUES(3406,906,0,1900.0,1900.0,1715126400000,0.0);
INSERT INTO ProductDailyPrice VALUES(3407,719,0,1560.0,1560.0,1715212800000,0.0);
INSERT INTO ProductDailyPrice VALUES(3408,718,1,1390.0,1112.0,1715212800000,0.0);
INSERT INTO ProductDailyPrice VALUES(3409,722,0,1649.0,1649.0,1715212800000,0.0);
INSERT INTO ProductDailyPrice VALUES(3410,717,0,589.0,589.0,1715212800000,0.0);
INSERT INTO ProductDailyPrice VALUES(3411,721,1,1550.0,1395.0,1715212800000,0.0);
INSERT INTO ProductDailyPrice VALUES(3412,720,0,1370.0,1370.0,1715212800000,0.0);
INSERT INTO ProductDailyPrice VALUES(3413,714,0,2545.0,2545.0,1715212800000,0.0);
INSERT INTO ProductDailyPrice VALUES(3414,716,0,1329.0,1329.0,1715212800000,0.0);
INSERT INTO ProductDailyPrice VALUES(3415,713,0,1390.0,1390.0,1715212800000,0.0);
INSERT INTO ProductDailyPrice VALUES(3416,725,0,4420.0,4420.0,1715212800000,0.0);
INSERT INTO ProductDailyPrice VALUES(3417,724,1,5120.0,3840.0,1715212800000,0.0);
INSERT INTO ProductDailyPrice VALUES(3418,732,0,4080.0,4080.0,1715212800000,0.0);
INSERT INTO ProductDailyPrice VALUES(3419,726,1,2610.0,1957.5,1715212800000,0.0);
INSERT INTO ProductDailyPrice VALUES(3420,730,1,879.75,659.8099999999999454,1715212800000,0.0);
INSERT INTO ProductDailyPrice VALUES(3421,729,0,2615.0,2615.0,1715212800000,0.0);
INSERT INTO ProductDailyPrice VALUES(3422,728,0,3330.0,3330.0,1715212800000,0.0);
INSERT INTO ProductDailyPrice VALUES(3423,723,0,3289.0,3289.0,1715212800000,0.0);
INSERT INTO ProductDailyPrice VALUES(3424,727,1,3390.0,3084.90000000000009,1715212800000,0.0);
INSERT INTO ProductDailyPrice VALUES(3425,731,0,1995.0,1995.0,1715212800000,0.0);
INSERT INTO ProductDailyPrice VALUES(3426,733,0,2170.0,2170.0,1715212800000,0.0);
INSERT INTO ProductDailyPrice VALUES(3427,737,0,1510.0,1510.0,1715212800000,0.0);
INSERT INTO ProductDailyPrice VALUES(3428,738,1,2300.0,1725.0,1715212800000,0.0);
INSERT INTO ProductDailyPrice VALUES(3429,736,1,2360.0,1770.0,1715212800000,0.0);
INSERT INTO ProductDailyPrice VALUES(3430,739,0,3580.0,3580.0,1715212800000,0.0);
INSERT INTO ProductDailyPrice VALUES(3431,740,0,1820.0,1820.0,1715212800000,0.0);
INSERT INTO ProductDailyPrice VALUES(3432,741,1,2610.0,1957.5,1715212800000,0.0);
INSERT INTO ProductDailyPrice VALUES(3433,734,1,1690.0,1487.200000000000045,1715212800000,0.0);
INSERT INTO ProductDailyPrice VALUES(3434,735,0,1339.0,1339.0,1715212800000,0.0);
INSERT INTO ProductDailyPrice VALUES(3435,742,0,1510.0,1510.0,1715212800000,0.0);
INSERT INTO ProductDailyPrice VALUES(3436,746,0,2490.0,2490.0,1715212800000,0.0);
INSERT INTO ProductDailyPrice VALUES(3437,748,0,1850.0,1850.0,1715212800000,0.0);
INSERT INTO ProductDailyPrice VALUES(3438,745,0,3540.0,3540.0,1715212800000,0.0);
INSERT INTO ProductDailyPrice VALUES(3439,747,1,1590.0,1446.90000000000009,1715212800000,0.0);
INSERT INTO ProductDailyPrice VALUES(3440,744,0,1339.0,1339.0,1715212800000,0.0);
INSERT INTO ProductDailyPrice VALUES(3441,751,0,1290.0,1290.0,1715212800000,0.0);
INSERT INTO ProductDailyPrice VALUES(3442,749,1,2610.0,1957.5,1715212800000,0.0);
INSERT INTO ProductDailyPrice VALUES(3443,752,1,929.0,603.8500000000000227,1715212800000,0.0);
INSERT INTO ProductDailyPrice VALUES(3444,743,0,3905.0,3905.0,1715212800000,0.0);
INSERT INTO ProductDailyPrice VALUES(3445,750,1,2360.0,1770.0,1715212800000,0.0);
INSERT INTO ProductDailyPrice VALUES(3446,762,0,2170.0,2170.0,1715212800000,0.0);
INSERT INTO ProductDailyPrice VALUES(3447,760,1,2290.0,2083.90000000000009,1715212800000,0.0);
INSERT INTO ProductDailyPrice VALUES(3448,759,0,1489.0,1489.0,1715212800000,0.0);
INSERT INTO ProductDailyPrice VALUES(3449,758,0,1430.0,1430.0,1715212800000,0.0);
INSERT INTO ProductDailyPrice VALUES(3450,757,0,3630.0,3630.0,1715212800000,0.0);
INSERT INTO ProductDailyPrice VALUES(3451,754,1,2300.0,1725.0,1715212800000,0.0);
INSERT INTO ProductDailyPrice VALUES(3452,761,0,4200.0,4200.0,1715212800000,0.0);
INSERT INTO ProductDailyPrice VALUES(3453,755,0,3040.0,3040.0,1715212800000,0.0);
INSERT INTO ProductDailyPrice VALUES(3454,756,0,1359.0,1359.0,1715212800000,0.0);
INSERT INTO ProductDailyPrice VALUES(3455,753,0,1469.0,1469.0,1715212800000,0.0);
INSERT INTO ProductDailyPrice VALUES(3456,770,0,2769.0,2769.0,1715212800000,0.0);
INSERT INTO ProductDailyPrice VALUES(3457,765,0,3200.0,3200.0,1715212800000,0.0);
INSERT INTO ProductDailyPrice VALUES(3458,764,0,3230.0,3230.0,1715212800000,0.0);
INSERT INTO ProductDailyPrice VALUES(3459,772,0,3659.0,3659.0,1715212800000,11.55487804878048941);
INSERT INTO ProductDailyPrice VALUES(3460,763,1,990.0,890.0,1715212800000,0.0);
INSERT INTO ProductDailyPrice VALUES(3461,766,0,1630.0,1630.0,1715212800000,0.0);
INSERT INTO ProductDailyPrice VALUES(3462,768,1,2200.0,1430.0,1715212800000,0.0);
INSERT INTO ProductDailyPrice VALUES(3463,775,0,1200.0,1200.0,1715212800000,0.0);
INSERT INTO ProductDailyPrice VALUES(3464,780,0,2870.0,2870.0,1715212800000,0.0);
INSERT INTO ProductDailyPrice VALUES(3465,781,0,1950.0,1950.0,1715212800000,0.0);
INSERT INTO ProductDailyPrice VALUES(3466,779,0,3330.0,3330.0,1715212800000,0.0);
INSERT INTO ProductDailyPrice VALUES(3467,778,0,3370.0,3370.0,1715212800000,0.0);
INSERT INTO ProductDailyPrice VALUES(3468,777,0,859.0,859.0,1715212800000,0.0);
INSERT INTO ProductDailyPrice VALUES(3469,782,0,3149.0,3149.0,1715212800000,0.0);
INSERT INTO ProductDailyPrice VALUES(3470,776,1,2290.0,2083.90000000000009,1715212800000,0.0);
INSERT INTO ProductDailyPrice VALUES(3471,774,1,2039.0,1733.15000000000009,1715212800000,0.0);
INSERT INTO ProductDailyPrice VALUES(3472,773,0,3330.0,3330.0,1715212800000,0.0);
INSERT INTO ProductDailyPrice VALUES(3473,788,1,949.0,616.8500000000000227,1715212800000,0.0);
INSERT INTO ProductDailyPrice VALUES(3474,787,0,1629.0,1629.0,1715212800000,0.0);
INSERT INTO ProductDailyPrice VALUES(3475,786,0,1989.0,1989.0,1715212800000,0.0);
INSERT INTO ProductDailyPrice VALUES(3476,791,1,2095.0,1361.75,1715212800000,0.0);
INSERT INTO ProductDailyPrice VALUES(3477,789,0,2165.0,2165.0,1715212800000,0.0);
INSERT INTO ProductDailyPrice VALUES(3478,783,0,3905.0,3905.0,1715212800000,0.0);
INSERT INTO ProductDailyPrice VALUES(3479,784,1,2030.0,1522.5,1715212800000,0.0);
INSERT INTO ProductDailyPrice VALUES(3480,792,0,4975.0,4975.0,1715212800000,0.0);
INSERT INTO ProductDailyPrice VALUES(3481,790,1,1390.0,1292.700000000000045,1715212800000,0.0);
INSERT INTO ProductDailyPrice VALUES(3482,785,0,990.0,990.0,1715212800000,0.0);
INSERT INTO ProductDailyPrice VALUES(3483,796,0,1705.0,1705.0,1715212800000,0.0);
INSERT INTO ProductDailyPrice VALUES(3484,801,0,4975.0,4975.0,1715212800000,0.0);
INSERT INTO ProductDailyPrice VALUES(3485,802,0,2449.0,2449.0,1715212800000,0.0);
INSERT INTO ProductDailyPrice VALUES(3486,799,0,2250.0,2250.0,1715212800000,0.0);
INSERT INTO ProductDailyPrice VALUES(3487,793,0,4500.0,4500.0,1715212800000,0.0);
INSERT INTO ProductDailyPrice VALUES(3488,795,1,1450.0,1087.5,1715212800000,0.0);
INSERT INTO ProductDailyPrice VALUES(3489,797,0,1050.0,1050.0,1715212800000,0.0);
INSERT INTO ProductDailyPrice VALUES(3490,798,0,1905.0,1905.0,1715212800000,0.0);
INSERT INTO ProductDailyPrice VALUES(3491,800,0,3499.0,3499.0,1715212800000,0.0);
INSERT INTO ProductDailyPrice VALUES(3492,811,0,1099.0,1099.0,1715212800000,0.0);
INSERT INTO ProductDailyPrice VALUES(3493,803,0,1899.0,1899.0,1715212800000,0.0);
INSERT INTO ProductDailyPrice VALUES(3494,808,0,2280.0,2280.0,1715212800000,0.0);
INSERT INTO ProductDailyPrice VALUES(3495,806,1,2100.0,1365.0,1715212800000,0.0);
INSERT INTO ProductDailyPrice VALUES(3496,809,0,1839.0,1839.0,1715212800000,0.0);
INSERT INTO ProductDailyPrice VALUES(3497,804,0,725.0,725.0,1715212800000,0.0);
INSERT INTO ProductDailyPrice VALUES(3498,812,0,3900.0,3900.0,1715212800000,0.0);
INSERT INTO ProductDailyPrice VALUES(3499,810,1,6890.0,6407.699999999999819,1715212800000,0.0);
INSERT INTO ProductDailyPrice VALUES(3500,807,0,1790.0,1790.0,1715212800000,50.42016806722688927);
INSERT INTO ProductDailyPrice VALUES(3501,816,1,3860.0,2895.0,1715212800000,0.0);
INSERT INTO ProductDailyPrice VALUES(3502,820,0,790.0,790.0,1715212800000,0.0);
INSERT INTO ProductDailyPrice VALUES(3503,817,0,2725.0,2725.0,1715212800000,0.0);
INSERT INTO ProductDailyPrice VALUES(3504,819,0,1590.0,1590.0,1715212800000,0.0);
INSERT INTO ProductDailyPrice VALUES(3505,813,0,2335.0,2335.0,1715212800000,0.0);
INSERT INTO ProductDailyPrice VALUES(3506,814,0,2950.0,2950.0,1715212800000,0.0);
INSERT INTO ProductDailyPrice VALUES(3507,815,0,7315.0,7315.0,1715212800000,0.0);
INSERT INTO ProductDailyPrice VALUES(3508,821,0,2079.0,2079.0,1715212800000,0.0);
INSERT INTO ProductDailyPrice VALUES(3509,818,1,1390.0,1292.700000000000045,1715212800000,0.0);
INSERT INTO ProductDailyPrice VALUES(3510,822,0,1500.0,1500.0,1715212800000,0.0);
INSERT INTO ProductDailyPrice VALUES(3511,829,0,2440.0,2440.0,1715212800000,0.0);
INSERT INTO ProductDailyPrice VALUES(3512,826,0,2725.0,2725.0,1715212800000,0.0);
INSERT INTO ProductDailyPrice VALUES(3513,823,0,2110.0,2110.0,1715212800000,0.0);
INSERT INTO ProductDailyPrice VALUES(3514,830,0,3900.0,3900.0,1715212800000,0.0);
INSERT INTO ProductDailyPrice VALUES(3515,824,0,2210.0,2210.0,1715212800000,0.0);
INSERT INTO ProductDailyPrice VALUES(3516,832,0,2695.0,2695.0,1715212800000,0.0);
INSERT INTO ProductDailyPrice VALUES(3517,827,0,1905.0,1905.0,1715212800000,0.0);
INSERT INTO ProductDailyPrice VALUES(3518,825,0,2005.0,2005.0,1715212800000,0.0);
INSERT INTO ProductDailyPrice VALUES(3519,828,0,2725.0,2725.0,1715212800000,0.0);
INSERT INTO ProductDailyPrice VALUES(3520,831,0,1500.0,1500.0,1715212800000,0.0);
INSERT INTO ProductDailyPrice VALUES(3521,837,0,2490.0,2490.0,1715212800000,0.0);
INSERT INTO ProductDailyPrice VALUES(3522,840,0,3595.0,3595.0,1715212800000,0.0);
INSERT INTO ProductDailyPrice VALUES(3523,834,1,6890.0,6201.0,1715212800000,0.0);
INSERT INTO ProductDailyPrice VALUES(3524,835,0,1910.0,1910.0,1715212800000,0.0);
INSERT INTO ProductDailyPrice VALUES(3525,842,0,2219.0,2219.0,1715212800000,0.0);
INSERT INTO ProductDailyPrice VALUES(3526,838,0,2490.0,2490.0,1715212800000,0.0);
INSERT INTO ProductDailyPrice VALUES(3527,833,0,2295.0,2295.0,1715212800000,0.0);
INSERT INTO ProductDailyPrice VALUES(3528,836,0,5090.0,5090.0,1715212800000,0.0);
INSERT INTO ProductDailyPrice VALUES(3529,839,0,2295.0,2295.0,1715212800000,0.0);
INSERT INTO ProductDailyPrice VALUES(3530,845,1,6975.0,5928.75,1715212800000,0.0);
INSERT INTO ProductDailyPrice VALUES(3531,849,0,4190.0,4190.0,1715212800000,0.0);
INSERT INTO ProductDailyPrice VALUES(3532,852,0,2190.0,2190.0,1715212800000,0.0);
INSERT INTO ProductDailyPrice VALUES(3533,843,0,7315.0,7315.0,1715212800000,0.0);
INSERT INTO ProductDailyPrice VALUES(3534,846,0,1010.0,1010.0,1715212800000,0.0);
INSERT INTO ProductDailyPrice VALUES(3535,847,0,7500.0,7500.0,1715212800000,0.0);
INSERT INTO ProductDailyPrice VALUES(3536,851,0,1790.0,1790.0,1715212800000,0.0);
INSERT INTO ProductDailyPrice VALUES(3537,844,1,6990.0,6291.0,1715212800000,0.0);
INSERT INTO ProductDailyPrice VALUES(3538,850,0,775.0,775.0,1715212800000,0.0);
INSERT INTO ProductDailyPrice VALUES(3539,858,0,1555.0,1555.0,1715212800000,0.0);
INSERT INTO ProductDailyPrice VALUES(3540,862,0,4779.0,4779.0,1715212800000,0.0);
INSERT INTO ProductDailyPrice VALUES(3541,856,1,4000.0,2400.0,1715212800000,0.0);
INSERT INTO ProductDailyPrice VALUES(3542,859,0,3200.0,3200.0,1715212800000,0.0);
INSERT INTO ProductDailyPrice VALUES(3543,861,0,4890.0,4890.0,1715212800000,0.0);
INSERT INTO ProductDailyPrice VALUES(3544,857,0,990.0,990.0,1715212800000,0.0);
INSERT INTO ProductDailyPrice VALUES(3545,860,0,4779.0,4779.0,1715212800000,0.0);
INSERT INTO ProductDailyPrice VALUES(3546,855,0,7490.0,7490.0,1715212800000,0.0);
INSERT INTO ProductDailyPrice VALUES(3547,854,0,1560.0,1560.0,1715212800000,0.0);
INSERT INTO ProductDailyPrice VALUES(3548,853,0,2950.0,2950.0,1715212800000,0.0);
INSERT INTO ProductDailyPrice VALUES(3549,864,0,2670.0,2670.0,1715212800000,0.0);
INSERT INTO ProductDailyPrice VALUES(3550,866,0,2490.0,2490.0,1715212800000,0.0);
INSERT INTO ProductDailyPrice VALUES(3551,868,0,7000.0,7000.0,1715212800000,0.0);
INSERT INTO ProductDailyPrice VALUES(3552,865,0,3800.0,3800.0,1715212800000,0.0);
INSERT INTO ProductDailyPrice VALUES(3553,867,0,1990.0,1990.0,1715212800000,0.0);
INSERT INTO ProductDailyPrice VALUES(3554,872,0,3790.0,3790.0,1715212800000,0.0);
INSERT INTO ProductDailyPrice VALUES(3555,863,0,10500.0,10500.0,1715212800000,0.0);
INSERT INTO ProductDailyPrice VALUES(3556,870,0,2290.0,2290.0,1715212800000,0.0);
INSERT INTO ProductDailyPrice VALUES(3557,871,0,1000.0,1000.0,1715212800000,0.0);
INSERT INTO ProductDailyPrice VALUES(3558,869,0,1590.0,1590.0,1715212800000,0.0);
INSERT INTO ProductDailyPrice VALUES(3559,881,0,3980.0,3980.0,1715212800000,0.0);
INSERT INTO ProductDailyPrice VALUES(3560,873,0,3000.0,3000.0,1715212800000,0.0);
INSERT INTO ProductDailyPrice VALUES(3561,874,1,2965.0,2520.25,1715212800000,0.0);
INSERT INTO ProductDailyPrice VALUES(3562,876,0,3350.0,3350.0,1715212800000,0.0);
INSERT INTO ProductDailyPrice VALUES(3563,882,0,5445.0,5445.0,1715212800000,0.0);
INSERT INTO ProductDailyPrice VALUES(3564,875,0,1890.0,1890.0,1715212800000,0.0);
INSERT INTO ProductDailyPrice VALUES(3565,880,0,19900.0,19900.0,1715212800000,0.0);
INSERT INTO ProductDailyPrice VALUES(3566,877,0,15900.0,15900.0,1715212800000,0.0);
INSERT INTO ProductDailyPrice VALUES(3567,878,0,6390.0,6390.0,1715212800000,0.0);
INSERT INTO ProductDailyPrice VALUES(3568,879,0,900.0,900.0,1715212800000,0.0);
INSERT INTO ProductDailyPrice VALUES(3569,889,0,2500.0,2500.0,1715212800000,0.0);
INSERT INTO ProductDailyPrice VALUES(3570,892,0,4175.0,4175.0,1715212800000,0.0);
INSERT INTO ProductDailyPrice VALUES(3571,890,0,2390.0,2390.0,1715212800000,0.0);
INSERT INTO ProductDailyPrice VALUES(3572,887,0,4790.0,4790.0,1715212800000,0.0);
INSERT INTO ProductDailyPrice VALUES(3573,885,0,3500.0,3500.0,1715212800000,0.0);
INSERT INTO ProductDailyPrice VALUES(3574,883,1,1565.0,1173.75,1715212800000,0.0);
INSERT INTO ProductDailyPrice VALUES(3575,888,0,6500.0,6500.0,1715212800000,0.0);
INSERT INTO ProductDailyPrice VALUES(3576,891,0,4180.0,4180.0,1715212800000,0.0);
INSERT INTO ProductDailyPrice VALUES(3577,886,0,5175.0,5175.0,1715212800000,0.0);
INSERT INTO ProductDailyPrice VALUES(3578,899,0,1550.0,1550.0,1715212800000,0.0);
INSERT INTO ProductDailyPrice VALUES(3579,898,0,4300.0,4300.0,1715212800000,0.0);
INSERT INTO ProductDailyPrice VALUES(3580,900,0,1900.0,1900.0,1715212800000,0.0);
INSERT INTO ProductDailyPrice VALUES(3581,902,0,5500.0,5500.0,1715212800000,0.0);
INSERT INTO ProductDailyPrice VALUES(3582,893,0,13900.0,13900.0,1715212800000,0.0);
INSERT INTO ProductDailyPrice VALUES(3583,894,0,4790.0,4790.0,1715212800000,0.0);
INSERT INTO ProductDailyPrice VALUES(3584,903,0,3800.0,3800.0,1715212800000,0.0);
INSERT INTO ProductDailyPrice VALUES(3585,896,1,3020.0,2567.0,1715212800000,0.0);
INSERT INTO ProductDailyPrice VALUES(3586,897,0,4200.0,4200.0,1715212800000,0.0);
INSERT INTO ProductDailyPrice VALUES(3587,905,0,900.0,900.0,1715212800000,0.0);
INSERT INTO ProductDailyPrice VALUES(3588,906,0,1900.0,1900.0,1715212800000,0.0);
INSERT INTO ProductDailyPrice VALUES(3589,904,0,3800.0,3800.0,1715212800000,0.0);
DELETE FROM sqlite_sequence;
INSERT INTO sqlite_sequence VALUES('Category',15);
INSERT INTO sqlite_sequence VALUES('Supermarket',2);
INSERT INTO sqlite_sequence VALUES('Product',906);
INSERT INTO sqlite_sequence VALUES('ProductDailyPrice',4132);
CREATE UNIQUE INDEX "Category_name_key" ON "Category"("name");
CREATE UNIQUE INDEX "Supermarket_name_key" ON "Supermarket"("name");
CREATE UNIQUE INDEX "Product_url_key" ON "Product"("url");
CREATE INDEX "category_id_index" ON "Product"("categoryId");
CREATE INDEX "supermarket_id_index" ON "Product"("supermarketId");
CREATE INDEX "product_id_index" ON "ProductDailyPrice"("productId");
CREATE UNIQUE INDEX "ProductDailyPrice_productId_date_key" ON "ProductDailyPrice"("productId", "date");
COMMIT;